,developer,item_id,price,year_release
0,valve,70,9.99,1998
55,outerlight ltd.,2400,9.99,2006
115,glyphx games,3800,9.99,2005
116,introversion software,1520,9.99,2006
132,outerlight ltd.,2420,9.99,2006
138,facepunch studios,4000,9.99,2006
3240,bugbear entertainment,2990,9.99,2006
3245,bugbear entertainment,6220,7.49,2005
3248,funcom,6310,9.99,2000
3251,"firaxis games,feral interactive (mac)",7600,9.99,2006
3252,"crystal dynamics,feral interactive (mac)",8000,8.99,2007
3254,"capcom co., ltd.",6550,19.99,2006
3258,id software,2280,4.99,1995
3266,id software,9160,14.99,1995
3267,id software,2300,4.99,1994
3269,id software,2270,4.99,1994
3273,gray matter studios,9010,4.99,2001
3274,id software,2310,4.99,2007
3277,"2k boston,2k australia",7670,19.99,2007
3401,relic entertainment,4570,12.99,2006
3410,relic entertainment,4580,12.99,2006
3422,the creative assembly,4760,9.99,2004
3439,rockstar north,12130,9.99,2004
3440,remedy entertainment,12150,9.99,2003
3441,crystal dynamics,7000,6.99,2006
3445,remedy entertainment,12140,9.99,2001
3449,ea los angeles,17480,19.99,2008
3459,infinite interactive,12500,9.99,2007
3462,"frontier,aspyr (mac)",2700,19.99,2006
3476,"epic games, inc.",13250,9.99,1998
3477,ubisoft,13560,9.99,2003
3478,crytek studios,13520,9.99,2004
3483,ubisoft romania,15200,9.99,2007
3484,1c: maddox games,15320,9.99,2006
3492,telltale games,8310,9.99,2005
3493,bigant studios,12590,9.99,2008
3494,"luc bernard,silverspherestudios",19500,4.99,2008
3496,lesta studio,11260,7.99,2007
3498,bugbear entertainment,12360,19.99,2008
3500,oddworld inhabitants,15710,2.99,1998
3503,oddworld inhabitants,15700,2.99,1997
3521,"microprose software, inc",7770,4.99,2001
3522,"microprose software, inc",7660,4.99,1997
3523,"microprose software, inc",7760,4.99,1993
3525,gsc game world,20510,9.99,2008
3535,crytek,17330,19.99,2008
3538,crytek,17300,19.99,2007
3547,"microprose software, inc",7730,4.99,1998
3548,cd projekt red,20900,9.99,2008
3586,firaxis games,16810,19.99,2008
3587,"red storm entertainment,ubisoft montreal",19830,9.99,2003
3588,traveller's tales,21000,19.99,2008
3596,gearbox software,15390,9.99,2008
3599,techland,3050,4.99,2006
3600,2d boy,22000,9.99,2008
3607,egosoft,2820,15.99,2008
3613,rockstar new england,12200,14.99,2008
3657,ubisoft montreal,19900,9.99,2008
3669,meridian4,11240,4.99,2008
3678,volition,9480,9.99,2009
3714,ea redwood shores,17470,19.99,2008
3730,dice,17410,19.99,2009
3870,hidden path entertainment,18500,9.99,2008
3876,monolith,16450,14.99,2009
3877,meridian4,11340,4.99,2009
3879,black sea studios ltd,25830,9.99,2005
3881,frictional games,22180,9.99,2007
3893,"epic games, inc.",13210,19.99,2007
3897,tale of tales,27020,4.99,2008
3901,criterion games,24740,19.99,2009
3934,ionfx,11330,4.99,2009
3936,reality pump studios,1930,9.99,2009
3939,gaijin entertainment,7510,9.99,2009
3942,ace team,22200,9.99,2009
3954,1c company,25900,6.99,2008
3956,sky fallen,7840,2.99,2009
3957,irrational games,8880,4.99,2002
3959,darklight games,1280,0.0,2009
3961,radical entertainment,10150,19.99,2009
3979,ascaron entertainment ltd.,12470,4.99,2004
3980,bethesda game studios,22330,14.99,2007
4002,bethesda game studios,22320,14.99,2002
4016,her interactive,31860,6.99,2007
4017,her interactive,31930,6.99,2007
4018,capcom,21660,19.99,2009
4021,pandemic studios,6060,9.99,2005
4109,lucasarts,32360,9.99,2009
4111,wanako games,10140,9.99,2006
4112,saber interactive,10130,19.99,2007
4114,"poptop software,breakaway games,frog city software",33520,6.99,2009
4116,sakari indie,36000,4.99,2009
4118,"bioware,aspyr (mac)",32370,9.99,2003
4164,hemisphere games,29180,9.99,2009
4168,black isle studios,38410,9.99,1998
4177,14° east,38420,9.99,2001
4179,size five games,37400,4.99,2009
4181,ubisoft montreal,13570,9.99,2005
4186,"vectorpark, inc.",37600,2.99,2009
4189,novalogic,32770,19.99,2009
4190,amanita design,40700,9.99,2009
4202,ea los angeles,24840,9.99,2007
4207,slightly mad studios,24870,19.99,2009
4208,runic games,41500,14.99,2009
4215,ea los angeles,24800,19.99,2009
4217,animation arts,40330,9.99,2009
4218,konstantin koshutin,41100,4.99,2009
4226,croteam,41000,14.99,2009
4234,bioware,17450,19.99,2009
4238,"infinity ward,aspyr (mac)",10180,19.99,2009
4318,"traveller's tales,feral interactive (mac)",32440,19.99,2009
4321,"triumph studios,virtual programming",11450,4.99,2007
4327,ea los angeles,24790,14.99,2007
4331,ea los angeles,24810,19.99,2009
4333,positech games,41800,14.99,2009
4348,gaijin entertainment,45300,9.99,2009
4350,defence alliance team,35420,0.0,2009
4354,"lucasarts,aspyr studios",32430,19.99,2009
4362,bethesda game studios,22370,19.99,2009
4423,spidermonk entertainment,38210,1.99,2009
4426,capcom,45700,19.99,2008
4440,octoshark studios,17570,0.0,2010
4470,croteam,41050,9.99,2001
4472,taleworlds entertainment,48700,19.99,2010
4846,fatshark,42120,9.99,2010
4847,rockstar north / toronto,12220,19.99,2010
4856,other ocean interactive,45730,4.99,2010
4858,nemesys games,45400,0.99,2010
4860,cold beam games,49600,9.99,2010
4923,realmforge studios,43500,9.99,2010
4925,the odd gentlemen,40930,4.99,2010
4929,muse games,49800,4.99,2010
4933,obsidian entertainment,34010,14.99,2010
4943,team17 software ltd.,22610,9.99,2010
4944,valve,630,0.0,2010
5026,"ea - maxis,aspyr (mac)",24780,19.99,2003
5036,"akella,.dat",33670,14.99,2010
5038,io interactive,28000,9.99,2010
5042,rune forge,39680,9.99,2010
5044,ino-co,63900,4.99,2010
5045,"2k czech,feral interactive (mac)",50130,29.99,2011
5085,doublesix,50510,9.99,2010
5086,vstep,48800,19.99,2010
5090,team17 digital ltd,22600,19.99,2010
5101,muzzy lane software,46770,14.99,2010
5104,paradox development studio,42960,19.99,2010
5114,gsc game world,4850,4.99,2002
5115,revolution software ltd,57640,5.99,2010
5116,zoë mode,62100,4.99,2010
5118,terry cavanagh,70300,4.99,2010
5140,frictional games,57300,19.99,2010
5260,easygamestation,70400,19.99,2010
5284,exosyphen studios,70100,4.99,2010
5286,subsoap,38600,9.99,2010
5300,"firaxis games,aspyr (mac, linux)",8930,29.99,2010
5593,croteam,41060,9.99,2002
5595,krome studios,9940,2.99,2010
5597,team17 digital ltd,22650,9.99,2010
5599,vigil games,50620,19.99,2010
5615,neocoregames,42920,9.99,2010
5617,triumph studios,61500,5.99,2010
5619,electronic arts,47790,19.99,2010
5631,"capcom co., ltd.",45750,19.99,2010
5633,obsidian entertainment,22380,9.99,2010
5945,hothead games,18040,14.99,2010
5948,klei entertainment,6120,9.99,2010
5950,teotl studios,35460,9.99,2010
5956,aspyr studios,32500,19.99,2010
5962,firemint,62000,4.99,2010
5964,gaijin games,63700,9.99,2010
5967,centauri production,33980,9.99,2010
5968,altar games,33950,4.99,2007
5970,treyarch,42700,39.99,2010
6003,oddworld inhabitants,15750,9.99,2010
6015,telltale games,31290,19.99,2010
6021,rockstar games,12100,9.99,2002
6026,rockstar games,12120,14.99,2005
6061,rockstar games,12110,9.99,2003
6076,extend studio,92300,4.99,2011
6080,bluegiant interactive,80000,14.99,2011
6083,visceral games,47780,19.99,2011
6086,uber entertainment,63200,4.99,2011
6098,sega,71165,2.99,2011
6099,the sims studio,47890,19.99,2009
6119,trinoteam,42000,4.99,2011
6121,reality pump studios,7520,19.99,2011
6126,eden studios,9930,19.99,2011
6133,gaijin games,63710,9.99,2011
6173,"kaos studios,digital extremes",55100,19.99,2011
6179,trion worlds,39120,0.0,2013
6269,stout games,94000,3.99,2011
6279,black lion studios,92700,9.99,2011
6280,11 bit studios,91200,9.99,2011
6286,martin ivanov,73170,9.99,2011
6288,800 north and digital ranch,70000,9.99,2011
6406,valve,620,19.99,2011
7096,coffee stain studios,91600,9.99,2011
7132,1c:inoco,73020,19.99,2011
7133,mode 7,98200,24.99,2011
7153,inxile entertainment,22450,4.99,2011
7155,fatshark,42140,9.99,2011
7158,obsidian entertainment,39160,14.99,2011
7162,gearbox software,57900,19.99,2011
7172,red duck inc.,102700,0.0,2011
7192,cryptic studios,9880,0.0,2009
7201,stainless games ltd,49470,19.99,2011
7203,murudai,97000,9.99,2011
7215,day 1 studios,21100,19.99,2011
7225,bedlam games,99100,14.99,2011
7227,telltale games,94590,9.99,2011
7231,secret base,105700,0.99,2011
7234,obsidian entertainment,72750,4.99,2011
7236,yeaboing,61100,4.99,2011
7238,bohemia interactive,65790,4.99,2011
7271,haemimont games,57690,14.99,2011
7313,two tribes,38740,6.99,2011
7321,minmax games ltd.,107200,9.99,2011
7341,three rings,99910,0.0,2011
7361,relic,55150,29.99,2011
7370,1c company,63940,7.99,2011
7371,flying wild hog,98400,14.99,2012
7387,ace team,22230,9.99,2011
7407,tripwire interactive,35450,19.99,2011
7674,paradox development studio,73210,9.99,2011
7677,ngd studios,111400,4.99,2011
7679,gas powered games,9420,14.99,2011
7688,edmund mcmillen and florian himsl,113200,4.99,2011
8424,1c-avalon,200230,4.99,2011
8428,gas powered games,9350,14.99,2007
8432,capcom vancouver,45770,19.99,2011
8442,double fine productions,115100,9.99,2011
8448,"vlambeer,croteam",201480,4.99,2011
8451,daybreak game company,24200,0.0,2011
8776,devil's details,71340,19.99,2011
8784,"team bondi,rockstar leeds",110800,19.99,2011
8814,cipher prime studios,61310,6.99,2011
8816,unicorn games studio,46350,3.99,2010
8817,stardock entertainment,202200,19.99,2011
8821,reloaded productions,113400,0.0,2011
9166,team 6 studios,201510,9.99,2011
9168,"vicious cycle software, inc.",23530,9.99,2011
9170,egosoft,201310,9.99,2011
9172,frozenbyte,35720,19.99,2013
9256,lionhead studios,204030,9.99,2011
9286,croteam,204340,9.99,2005
9306,cryptic studios,9900,0.0,2010
9390,"coreplay gmbh,bigmoon studios",57740,19.99,2012
9396,q-games ltd.,105800,9.99,2012
9399,puppygames,203210,9.99,2012
9408,paradox development studio,203770,39.99,2012
9555,remedy entertainment,108710,9.99,2012
9603,trashmasters,10220,11.99,2011
9608,wild shadow studios,200210,0.0,2012
10563,volition,55381,6.99,2012
10564,"ubiart montpellier,feral interactive (mac)",207490,19.99,2012
10570,strange loop games,108500,19.99,2012
10573,cobra mobile,206690,4.99,2012
10576,double fine productions,115110,9.99,2012
10578,tribute games inc.,207420,2.99,2012
10581,trickstar games,207790,9.99,2012
10582,3 sprockets,207250,3.99,2012
10592,eden industries,204180,1.99,2012
10607,trapdoor inc.,102850,9.99,2012
10610,reality pump,206610,9.99,2012
10612,bugbear,202310,9.99,2012
10614,david williamson,207430,6.99,2012
10617,piranha bytes,40390,9.99,2012
10620,devil's details,203750,14.99,2012
10624,love conquers all games,209370,9.99,2012
10629,signal studios,98300,9.99,2012
10633,slant six games,209100,29.99,2012
10636,days of wonder,108200,9.99,2012
10639,nihon falcom,207350,19.99,2012
10642,rockstar studios,204100,19.99,2012
10683,"standing stone games, llc",212500,0.0,2012
10731,cipher prime studios,209790,9.99,2012
10733,blinkworks media,207080,9.99,2012
10739,fatshark,42170,14.99,2012
10744,tt games,213330,19.99,2012
10756,nexon,212160,0.0,2012
10881,daedalic entertainment,203830,19.99,2012
10885,"standing stone games, llc",206480,0.0,2012
10910,"ubisoft paris,red storm entertainment",212630,19.99,2012
10912,airtight games,200010,8.99,2012
10920,hi-rez studios,17080,0.0,2012
11040,sakari indie &amp; grin,205550,6.99,2012
11043,misfits attic,207650,9.99,2012
11052,tennen-sozai,207400,5.99,2012
11053,robot entertainment,209270,4.99,2012
11059,fishlabs entertainment gmbh,212010,7.99,2012
11063,valve,730,14.99,2012
14042,"obsidian entertainment,aspyr (mac, linux, &amp; windows update)",208580,9.99,2005
14052,eyebrow interactive,72000,9.99,2012
14054,"rocksteady studios,feral interactive (mac)",200260,19.99,2012
14202,freebird games,206440,9.99,2011
14352,aleksey abramenko,214970,9.99,2012
14358,capybara games,61730,6.99,2012
14361,blit software,205950,7.99,2012
14366,frogwares,205650,19.99,2012
14369,bohemia interactive,65740,32.99,2012
14373,data realms,209670,19.99,2012
14400,gaijin games,205060,9.99,2012
14402,ratloop asia,215510,4.99,2012
14410,id software,208200,19.99,2012
14415,ubisoft - san francisco,205190,29.99,2012
14419,daedalic entertainment,219910,19.99,2012
14421,2x2 games,218090,19.99,2012
14423,lukewarm media,215470,7.99,2012
14467,dennaton games,219150,9.99,2012
14721,muse games,209080,4.99,2012
15021,running with scissors,223470,9.99,2003
15255,daedalic entertainment,220740,19.99,2012
15257,neko entertainment,222140,7.99,2012
15260,treyarch,202970,59.99,2012
15358,ionfx,223510,14.99,2012
15361,nexon korea corp.,212200,0.0,2012
15424,reality pump,224900,19.99,2012
15427,ascaron,225640,14.99,2012
15428,dns development,211280,9.99,2013
15430,subatomic studios llc,215710,9.99,2013
15433,born ready games ltd.,209540,19.99,2013
15451,double fine productions,221810,14.99,2013
15453,namco,228400,19.99,2013
15461,ninja theory,220440,29.99,2013
15495,focus home interactive,231140,9.99,2013
15498,megadev,224820,6.99,2013
15512,"radial games corp,dejobaan games, llc",226740,9.99,2013
15537,24 caret games,222660,9.99,2013
15539,"redlynx ltd,ubisoft  shanghaï",220160,19.99,2013
15561,running with scissors,232770,1.99,1997
15569,capcom,221040,29.99,2013
15597,shiro games,233470,9.99,2013
15630,"eric chahi,dotemu",233550,9.99,2013
15632,artifice studio,227220,0.0,2013
15652,3 sprockets,228440,7.99,2013
15654,minority media inc.,227080,14.99,2013
15660,bossa studios,233720,9.99,2013
15924,old school games,227480,9.99,2013
15931,snowbird games,232050,19.99,2013
15935,spiders,232750,14.99,2013
15941,telltale games,234710,4.99,2013
16003,zero sum games,220660,29.99,2013
16009,adam foster,235780,0.0,2013
16019,coffee stain studios,210770,14.99,2013
16157,abbey games,222730,9.99,2013
16202,point five projects,235070,4.99,2013
16204,capcom,222480,29.99,2013
16208,dontnod entertainment,228300,29.99,2013
16230,"crystal dynamics,feral interactive (mac),feral interactive (linux)",208812,2.99,2013
16232,actalogic,236790,9.99,2013
16236,nival,235360,9.99,2013
16244,behold studios,231740,9.99,2013
16254,"gearbox software,aspyr (mac &amp; linux)",218550,9.99,2013
16256,"relic entertainment,feral interactive (mac),feral interactive (linux)",231430,19.99,2013
16326,"netherrealm studios,high voltage software",237110,19.99,2013
16352,ian campbell,239800,4.99,2013
16370,dragonfly,239660,0.0,2013
16432,realmforge studios,225360,9.99,2013
16436,nadeo,243360,19.99,2013
16438,general arcade,225160,9.99,1997
16440,square enix,39140,11.99,2013
16461,"firaxis games,aspyr (mac, linux)",235580,29.99,2013
16465,two tribes,201420,14.99,2013
16471,gaijin games,205080,9.99,2013
16473,old school games,237590,9.99,2013
16474,king art,233370,24.99,2013
16475,ludosity,241320,9.99,2013
16479,harebrained schemes,234650,14.99,2013
16507,zen studios,241410,9.99,2013
16510,17-bit,228960,9.99,2013
16514,"irrational games,aspyr (mac),virtual programming (linux)",214930,4.99,2013
16515,mercurysteam - climax studios,234080,29.99,2013
16517,interceptor entertainment,217140,14.99,2013
16525,pwnee studios,210870,9.99,2013
16526,eagle dynamics sa,223770,29.99,2012
16527,larian studios,243950,39.99,2013
16533,threaks,231040,9.99,2013
16541,wayforward,237630,14.99,2013
16553,team17 digital ltd,233840,24.99,2013
16557,full control studios,242570,24.99,2013
16563,michael todd games,244870,7.99,2013
16595,spark unlimited,226720,24.99,2013
16600,"double eleven,q-games ltd.",243780,9.99,2013
16602,witch beam,250110,14.99,2015
16608,might and delight,244710,9.99,2013
16620,greenheart games,239820,9.99,2013
16932,zombie studios,111900,19.99,2013
16936,red barrels,238320,19.99,2013
17173,santa ragione,231310,14.99,2013
17179,"sega studios australia,feral interactive (mac)",227600,14.99,2013
17181,zachtronics,226960,14.99,2013
17187,"mediatonic,the irregular corporation",244810,14.99,2013
17191,scs software,227310,9.99,2013
17193,north of earth,248350,9.99,2012
17199,freakzone games,237740,4.99,2013
17217,zootfly,249680,4.99,2013
17221,tate multimedia,243450,6.99,2013
17241,"mine loader software co., ltd.",236450,9.99,2013
17260,5th cell media,249870,19.99,2013
17292,ci games,217920,19.99,2013
17294,"mine loader software co., ltd.",246255,1.99,2013
17295,magicaltimebean,251370,4.99,2012
17297,giants software,220260,19.99,2013
17327,poppermost productions,244930,0.0,2013
17397,galactic cafe,221910,14.99,2013
17585,studio bean,247140,7.99,2013
17587,telltale games,250320,24.99,2013
17647,nocturnal works,251310,14.99,2013
17649,clockstone,250460,9.99,2013
17658,carlsen games,242820,4.99,2013
17670,cyberdreams,245390,5.99,1996
17671,sparsevector,250500,2.99,2013
17719,"eidos montreal,feral interactive (mac)",238010,19.99,2013
17771,"monochrome, inc",238430,9.99,2013
17909,blue isle studios,252330,9.99,2013
17942,deep silver volition,247298,2.99,2013
17944,wales interactive,251850,14.99,2013
17947,"eden games,hydravision entertainment",259170,9.99,2008
17949,modern dream,246580,19.99,2013
17955,rising star games,247660,24.99,2013
17959,undead labs,241540,13.98,2013
18199,transhuman design,219830,9.99,2013
18251,"jackbox games, inc.",260060,2.99,1998
18253,qcf design,226620,14.99,2013
18268,b-alive,256050,19.99,2013
18270,"hopoo games, llc",248820,9.99,2013
18576,hanako games,251990,9.99,2013
18628,the indie stone,108600,14.99,2013
18796,arkedo,243280,6.99,2013
18799,"firaxis games,feral interactive (mac),feral interactive (linux)",225340,29.99,2013
18801,2play,257750,9.99,2013
18837,flyleap studios pty. ltd.,248630,14.99,2013
18853,ubisoft montreal,242050,19.99,2013
18935,8888888 labs,252070,14.99,2013
18939,polypusher studios,258950,4.99,2013
18941,axis game factory llc,253370,19.99,2013
18946,xtal sword,261700,4.99,2013
18958,space budgie,263100,0.99,2013
18960,tml studios,253770,9.99,2012
18962,storybird,259600,6.99,2013
18966,simon roth,252250,24.99,2013
18970,revolution software ltd,262940,24.99,2014
18971,harvester games,253110,9.99,2012
18975,illwinter game design,259060,34.99,2013
18977,cryptic studios,109600,0.0,2013
19227,clickteam,248170,99.99,2013
19243,nival,235400,0.0,2013
19279,wildtangent,246840,7.99,2005
19282,2darray,257120,9.99,2013
19285,netcore games,259680,6.99,2012
19300,united independent entertainment gmbh,267600,9.99,2013
19305,united independent entertainment gmbh,267610,9.99,2013
19308,interdimensional games inc,264240,9.99,2014
19312,messhof,94400,9.99,2014
19375,ubisoft sofia,260210,19.99,2014
19379,alan edwardes,261820,0.0,2014
19503,new world interactive,222880,9.99,2014
20043,ultra runaway games,263560,4.99,2013
20046,"elias viglione,jussi kukkonen",269210,5.99,2014
20111,avidly wild games,262790,14.99,2014
20114,jason rohrer,249570,15.99,2014
20120,mighty rabbit studios,263320,6.99,2014
20126,young horses,224480,14.99,2014
20216,idea factory,237890,14.99,2014
20228,gtgd,269570,14.99,2014
20230,arc system works,263300,9.99,2014
20236,limasse five,265690,14.99,2014
20238,"snk corporation,dotemu",250180,7.99,2014
20255,shining rock software llc,242920,19.99,2014
20420,matthew brown,265890,2.99,2014
20432,matthew brown,271900,2.99,2014
20438,scs software,258760,9.99,2012
20440,"damian sommer,emily carroll",269030,9.99,2013
20444,matt roszak,265610,11.99,2014
20460,last dimension,279160,6.99,2014
20462,ubisoft montreal,277590,14.99,2014
20470,mercurysteam,239250,39.99,2014
20476,nomad games,247000,7.99,2014
20512,klei entertainment,214550,6.99,2014
20516,matt thorson,251470,14.99,2014
20522,thomas bowker,266010,2.99,2014
20552,sherman3d,265870,9.99,2014
20557,square enix,258180,9.99,2014
20578,vlambeer,233150,9.99,2014
20608,rob howland,274980,9.99,2014
20617,crystal shard,283880,2.99,2014
20625,"world-loom,nitreal",279420,9.99,2014
20628,tribute games inc.,218820,19.99,2014
20644,bongfish gmbh,266370,1.99,2014
20647,jarhead games,283370,9.99,2004
20648,nikita,289340,4.99,2007
20649,wzogi,288040,4.99,2014
20651,apeiron,289600,9.99,2009
20653,opus,240970,9.99,2014
20659,"vanguard games,343 industries",277430,2.99,2014
20676,alawar,286500,9.99,2014
20680,quantized bit,290280,1.99,2014
20682,humongous entertainment,283920,6.99,1992
20684,bumpkinbrothers,271570,9.99,2014
20688,dl softworks,284950,6.99,2014
20694,humongous entertainment,283960,6.99,1996
20698,humongous entertainment,283940,6.99,1994
20700,idea factory,260130,19.99,2014
20703,mad otter games,263540,0.0,2014
20739,digital tentacle,282760,4.99,2014
20741,9heads game studios,291270,1.99,2012
20744,farsky interactive,286340,4.99,2014
20762,somi,283660,2.99,2014
20768,hippomancer,295770,4.99,2014
20769,souvenir circ.,250640,7.99,2014
20771,abstraction games,281220,9.99,2014
20772,"croteam,alligator pit",227780,9.99,2014
20778,windybeard,295730,3.99,2014
20780,minor key games,286100,0.0,2012
20816,red barrels,273300,8.99,2014
20822,puny human,225600,4.99,2014
20846,fistful of frags team,265630,0.0,2014
21185,"bitmonster, inc.",266490,14.99,2014
21188,bedtime digital games,269330,4.99,2014
21190,"nova dimension,naga entertainment",293320,5.99,2014
21194,mimimi productions,260160,19.99,2014
21200,digital happiness,269790,14.99,2014
21202,the behemoth,238460,14.99,2014
21758,digitalmindsoft,244450,29.99,2014
21803,humongous entertainment,294670,6.99,1997
21805,humongous entertainment,294540,6.99,1998
21807,forever entertainment s. a.,301190,2.99,2014
21810,hypercane studios,279520,4.99,2014
21815,winter wolves,290990,14.99,2010
21818,nabi studios,248570,0.0,2006
22142,milkstone studios,293860,4.99,2014
22148,kadokawa games / grasshopper manufacture,261110,19.99,2014
22151,haemimont games,245620,19.99,2014
22187,myrtilus entertainment,285050,5.99,2013
22191,winter wolves,293920,19.99,2011
22195,endnight games ltd,242760,14.99,2014
23035,over the moon,290770,9.99,2014
23053,uppercut games pty ltd,270510,9.99,2014
23055,owl cave,279260,5.99,2014
23057,phosphor games studio,247730,4.99,2014
23417,stage 2 studios,261530,19.99,2014
23426,"michael todd games,yazar media group llc",301460,4.99,2014
23428,smashgames,268750,9.99,2014
23584,"10th art studio,adventure productions",286360,6.99,2014
23588,3f interactive,270570,0.99,2012
23592,ci games,256190,29.99,2014
23594,heydeck games,262900,2.99,2013
23602,unfinished pixel,297490,4.99,2014
23605,lost decade games,280040,9.99,2014
23608,goldhawk interactive,223830,24.99,2014
23614,xgen studios,307640,19.99,2011
23615,silesia games sp. z o.o.,297100,4.99,2014
23618,cyanide studio,255260,9.99,2014
23620,larian studios,230230,39.99,2014
23684,megafuzz,283230,2.99,2014
23690,crytek,291480,0.0,2014
23882,game dev castle,241240,7.99,2014
23891,north of earth,293840,9.99,2014
23893,handmade game,304500,9.99,2014
23895,laminar research,292180,771.71,2014
23898,fixpoint productions ltd.,293900,4.99,2014
23904,lucky frame,310070,4.99,2014
23906,stainless games,255420,9.99,2014
23913,subvert games,302590,0.0,2016
23919,evga,268850,0.0,2014
23920,b-alive gmbh,304350,6.99,2006
23924,b-alive gmbh,307990,0.99,2013
23928,lemondo entertainment,313040,2.99,2014
23930,jumpcore productions,291370,14.99,2014
23933,galaxytrail,248310,14.99,2014
23951,nom nom games,302270,19.99,2014
23971,tribe studios,307290,0.0,2014
24006,relic entertainment,297512,3.99,2014
24007,nerdook productions,311480,6.99,2014
24009,elliptic games,314230,14.99,2014
24015,nihon falcom,251150,19.99,2014
24017,free lives,312990,0.0,2014
24165,keen games,247950,14.99,2014
24173,spry fox llc,293740,14.99,2014
24174,night node,298520,9.99,2014
24192,evil twin artworks,298480,24.99,2014
24198,88mm,306620,9.99,2014
24199,a jolly corpse,263960,14.99,2014
24202,shaunjs,305920,5.99,2014
24204,"dan  walters,ceri williams",314020,3.99,2014
24216,teyon,305980,2.99,2014
24217,gameprix,300040,0.0,2014
24238,idigicon,319180,6.99,2007
24239,idigicon,307340,6.99,2004
24241,the men who wear many hats,257710,0.0,2014
24271,colossal games,299260,9.99,2014
24274,4a games,286690,19.99,2014
24279,4a games,287390,19.99,2014
24293,xaviant,261760,39.99,2014
24317,social loner studios,312010,1.99,2011
24319,eko software,250400,14.99,2013
24418,nine dots studio,262750,19.99,2014
24422,bs1 &amp; bsl team,321030,3.99,2014
24423,lionhead studios,288470,34.99,2014
24433,arkavi studios,246940,29.99,2014
24435,visualarts/key,316720,9.99,2004
24440,shortbreak studios s.c.,319550,2.99,2014
24454,remimory,317410,0.0,2014
24463,electrolyte,319560,6.99,2014
24465,"cyberconnect2 co., ltd.",272510,29.99,2014
24485,brain bombers,321610,4.99,2011
24486,"gravvit ltd,forbes  consult ltd",290730,0.0,2014
24496,amplitude studios,289130,29.99,2014
24530,ankama studio,215080,0.0,2014
24565,terri vellmann,297120,9.99,2014
24571,inxile entertainment,240760,39.99,2014
24595,tasty stewdios llc,319250,9.99,2014
24599,firefly studios,232890,49.99,2014
24607,creativeforge games,249190,19.99,2014
24608,hidden path entertainment,221540,14.99,2014
24620,frogwares,241260,29.99,2014
24622,"fromsoftware, inc",271944,9.99,2014
24624,"monolith productions, inc.,feral interactive (mac),feral interactive (linux)",318550,9.99,2014
24626,"monolith productions,feral interactive (mac),feral interactive (linux)",241930,19.99,2014
24810,final boss entertainment,253610,9.99,2014
24812,minor key games,310700,7.99,2014
24814,disney interactive,319400,5.99,2011
24815,cyanide studio,242640,29.99,2014
24817,nexon,273110,0.0,2014
25005,"monolith productions, inc.",327740,9.99,2003
25006,artefacts studio,322980,4.99,2013
25009,tango gameworks,268050,19.99,2014
25016,bossa studios,325090,4.99,2014
25019,game-labs,306660,14.99,2014
25025,codemasters,226580,29.99,2014
25033,"microprose software, inc",327950,6.99,1989
25035,samurai punk,301970,14.99,2014
25049,odin game studio,318220,19.99,2014
25070,double fine productions,246090,9.99,2014
25085,david szymanski,329830,1.99,2014
25087,giants software,313160,19.99,2014
25101,entrada interactive llc,299740,19.99,2014
25133,gl33k,297110,2.99,2014
25139,"nicalis, inc.",250900,14.99,2014
25269,good games,323240,1.99,2014
25271,freebird games,327410,3.99,2014
25304,full control studios,317620,29.99,2014
25308,frima studio,319450,14.99,2014
25310,naiad entertainment llc,259410,4.99,2014
25315,"ubisoft montreal, red storm, shanghai, toronto, kiev",298110,29.99,2014
25379,might and delight,302010,4.99,2014
25381,"upper one games,e-line media",295790,14.99,2014
25389,fatshark,226560,14.99,2014
25390,infinity plus 2,329110,0.0,2014
25402,whitemoon dreams,253510,0.0,2014
25404,studio whisky tango inc.,326150,9.99,2014
25407,vis - visual imagination software,331120,0.0,2014
25413,fayju,332570,15.99,2014
25419,badland studio,227160,19.99,2014
25428,dekovir entertainment,248390,18.99,2014
25444,axis game factory,270942,14.99,2014
25449,moenovel,326480,14.99,2013
25464,portalarium,326160,39.99,2014
25467,"cd projekt red,can explode",303800,9.99,2014
25469,grynsoft,318530,14.99,2014
25484,"hassey enterprises, inc.",294160,0.0,2014
25496,vortal storm,270370,0.0,2014
25512,benjamin bryant,317790,0.0,2014
25515,square enix,292140,19.99,2014
25520,kintogames,331440,3.99,2014
25532,dingaling,335670,9.99,2014
25541,blankmediagames,334230,4.99,2014
25616,"badfly interactive, a.s.",286040,4.99,2014
25624,kojima productions,311340,19.99,2014
25660,doubledutch games,207140,14.99,2016
26045,duelboot,324120,4.99,2014
26048,shumkov dmitriy,302830,0.0,2014
26195,choice of games,339350,9.99,2014
26201,robtop games,322170,3.99,2014
26305,colonthree enterprises,336380,0.99,2014
26308,dimmdrive inc.,337070,19.99,2015
26309,snails animation,339290,4.99,2015
26315,forever entertainment s. a.,340300,4.99,2015
26321,nyamyam,299680,4.99,2015
26324,huniepot,339800,9.99,2015
26480,axis game factory llc,266590,79.99,2013
26485,"capcom co., ltd.",304240,19.99,2015
26495,andy wallace,295690,0.98,2015
26501,beam team games,313120,14.99,2015
26699,petroglyph,290790,29.99,2015
26702,invertmouse,345650,0.0,2015
26728,"monolith productions, inc.,feral interactive (mac),feral interactive (linux)",313371,0.99,2015
26730,alientrap,208750,14.99,2015
26738,movingblocks,342980,0.0,2015
26746,endgame studios,307030,9.99,2015
26749,failbetter games,304650,18.99,2015
26764,emmanuel salva cruz,344860,2.99,2015
26772,3000ad,345580,9.99,2015
26776,geek sloth games,342740,2.99,2015
26779,shifty chair games,336670,0.0,2015
26780,defiant development,266510,19.99,2015
26801,spasman games,346170,4.99,2015
26802,spasman games,346120,0.0,2014
26826,lonely troops,346560,7.99,2015
26830,fourbitfriday,315840,15.99,2015
26834,rainbow games,348960,3.99,2015
26836,"capcom co., ltd.",287290,5.99,2015
26854,david stark,342560,14.99,2015
26858,loren lemcke,273500,1.99,2015
26860,"just add water (developments), ltd.",314660,19.99,2015
26872,"gearbox software,aspyr (mac)",244160,34.99,2015
26886,paradox development studio,338160,14.99,2015
26888,dimps,323470,39.99,2015
26916,"koei tecmo games co., ltd.",322520,49.99,2015
26917,"sledgehammer games,raven software",318791,14.99,2015
26918,gameus inc.,342570,139.92,2015
26930,primal,279720,6.99,2004
26931,11 bit studios,348040,0.99,2015
26937,might and delight,275100,14.99,2015
26943,camshaft software,293760,29.99,2015
26955,ascension entertainment llc,349480,0.0,2008
26970,"jetdogs studios,zoom out games",342580,2.99,2015
26972,axis game factory llc,352111,29.99,2015
26977,cccp,348290,4.99,2014
26978,tindalos interactive,245370,9.99,2015
26980,dreadbit,327670,14.99,2015
26983,xlgames,304030,0.0,2015
27022,kittehface software,357600,1.99,2015
27025,"filip victor,valve",290930,0.0,2015
27034,moonstone,344630,34.99,2015
27035,"team ninja,koei tecmo games co., ltd.",311730,0.0,2015
27041,hyper hippo games,346900,0.0,2015
27359,"toadman interactive,fatshark",336420,9.99,2015
27362,sometimes you,357900,0.99,2015
27368,daniel davies,331200,4.99,2015
27380,joycity,339610,0.0,2015
27435,"fromsoftware, inc",335300,39.99,2015
27469,brightrock games,230190,29.99,2015
27483,vostok games,355840,0.0,2015
27573,he saw,305380,12.99,2015
27574,bohemia interactive,332350,11.99,2015
27583,creative assembly,300080,0.0,2016
27597,fictiorama studios,339190,19.99,2015
27599,z4g0 and ivan venturi productions,277520,14.99,2015
27602,"343 industries,vanguard games",324570,2.99,2014
27604,ostrich banditos,275200,14.99,2015
27619,convoy games,318230,14.99,2015
27629,bytebin,340810,0.0,2015
27645,brace yourself games,247080,14.99,2015
27687,tigerish games,360870,0.0,2015
27693,"cliffhanger productions,catalyst games lab",324300,19.99,2015
27697,"bluehole, inc.",323370,0.0,2015
27857,david szymanski,359040,4.99,2015
27859,kinelco &amp; lone elk creative,272890,9.99,2014
27865,ragesquid,285820,14.99,2015
27868,tasharen entertainment inc.,326410,9.99,2015
27880,playsaurus,363970,0.0,2015
28384,stardock entertainment,226860,29.99,2015
28392,n3v games,315660,39.99,2015
28393,ghostshark,263060,4.99,2015
28415,s2 games,339280,0.0,2015
28451,robot gentleman,368360,9.99,2015
28466,forever entertainment s. a.,371420,4.99,2015
28470,acquire corp.,333980,29.99,2015
28490,alan zucconi,278440,9.99,2015
28492,hello there ab,373180,2.99,2015
28499,beamng,284160,24.99,2015
28535,lionheart creations,364323,24.99,2015
28536,double fine productions,246110,19.99,2015
28538,destructive creations,341940,8.99,2015
28542,digital dawn studios,368720,9.99,2015
28548,digital leisure inc.,260430,0.0,2015
28552,diggerworld ltd.,278970,9.99,2015
28562,stamina-games,356510,9.99,2015
28570,radiant entertainment,253250,24.99,2015
28594,russpuppy,372210,2.99,2015
28597,eightyeightgames,290890,4.99,2015
28607,landon podbielski,312530,12.99,2015
28627,shark punch,313080,19.99,2015
28630,spectral games,373460,3.99,2015
28632,access games,358090,14.99,2015
28635,anarchy enterprises,376920,0.99,2015
28638,"soloweb studios,ravens eye studio",367780,4.99,2015
28642,paradox development studio,338163,14.99,2015
28644,"elias viglione,jussi kukkonen",376660,4.99,2015
28649,"tt games ltd,feral interactive (mac)",352400,19.99,2015
28651,mr. blue,290140,0.0,2015
28666,diminished studios,378370,0.0,2015
28672,blue byte,336510,0.0,2013
28675,tim sullivan,384300,14.99,2015
28676,"maciej targoni,wojciech wasiak",367580,0.99,2015
28686,"maciej targoni,wojciech wasiak",367570,0.99,2015
28692,"psyonix, inc.",252950,19.99,2015
29248,holotech studios,274920,14.99,2015
29268,"codemasters,feral interactive (linux)",286570,39.99,2015
29278,momostorm entertainment,381560,0.0,2015
29281,pixel ferrets,269770,14.99,2015
29286,blue manchu,293260,0.0,2015
29301,soccer manager ltd,356370,0.0,2015
29303,tinybuild,368730,14.99,2015
29307,scary bee llc,380360,0.0,2015
29312,alien sync interactive,385630,4.99,2015
29314,zachtronics,370360,6.99,2015
29316,mobilebits,319570,0.0,2015
29322,igry.ru,376560,6.99,2015
29325,"mighty rabbit studios,gun media",310890,9.99,2015
29329,great war team,316430,8.99,2015
29335,spicy tails,368160,12.99,2015
29337,scott cawthon,388090,7.99,2015
29403,flying cafe for semianimals,361550,12.99,2015
29405,haemimont games,345180,19.99,2015
29409,decent machine,280010,3.99,2015
29415,"silverlode interactive,wasatch games",376140,0.0,2008
29419,"idea factory,compile heart",347830,29.99,2015
29420,eleon game studios,383120,19.99,2015
29440,zackbellgames,385710,4.99,2015
29443,the whale husband,387860,0.0,2015
29503,ekuator games,315860,12.99,2015
29505,yeti trunk,240620,9.99,2015
29509,roll7,365660,14.99,2015
29512,team fractal alligator,365450,9.99,2015
29524,sapphire dragon productions,392450,0.0,2015
29533,"psyonix, inc.",391680,3.99,2015
29537,labyrinthine,391260,2.99,2015
29541,"fancy bytes, reactor",271360,9.99,2015
29543,rogue snail,382490,0.0,2015
29564,square enix,340170,29.99,2015
29576,straight right,339230,19.99,2015
29582,uber entertainment,386070,39.99,2015
29586,blue byte,354640,0.0,2010
29595,ice water games,375950,0.0,2015
29647,frozenbyte,319910,21.99,2015
29656,"autobotika,game nation inc",367710,4.99,2015
29659,teeworlds team,380840,0.0,2007
29665,johannes eski,393410,0.0,2015
29690,tuomo laine,385260,0.0,2014
29692,occa studios,378580,14.99,2015
29697,twice circled,344850,24.99,2015
29700,alice &amp; smith,349220,9.99,2015
29704,cccp,384310,14.99,2015
29709,"koei tecmo games co., ltd.",331600,39.99,2015
29712,star vault ab,287920,0.0,2015
29722,"avalanche studios,feral interactive (mac/linux)",234140,19.99,2015
29784,coaguco industries,388490,0.0,2015
29786,konami digital entertainment,287700,19.99,2015
29898,trav nash,399520,0.0,2015
29906,abbey games,296970,19.99,2015
29910,hi-rez studios,387440,29.99,2015
29912,hi-rez studios,386360,0.0,2015
29968,turbogun,331190,9.99,2015
29972,easyanticheat ltd,282660,0.0,2006
29974,"tendershoot,a jolly corpse",274350,9.99,2015
29976,49 games,374090,6.99,2007
29979,tobyfox,391540,9.99,2015
30217,racing bros,401190,0.99,2015
30237,dovetail games,24010,24.99,2009
30263,handyman studios,238240,14.99,2015
30303,pigravity,403900,0.99,2015
30305,krome studios,287840,5.99,2015
30308,photon arena,344820,9.99,2015
30313,alex zhang,403740,0.99,2015
30315,wrf studios,280600,12.99,2015
30318,trese brothers,370020,9.99,2015
30322,frictional games,282140,29.99,2015
30343,aratog llc,385530,0.0,2015
30347,limbic entertainment,321960,49.99,2015
30353,endless loop studios,399670,2.99,2015
30355,anarchy enterprises,406080,2.99,2015
30359,introversion software,233450,29.99,2015
30644,moppin,360740,2.99,2015
30653,free lives,274190,14.99,2015
30913,lucky girls limited,398840,0.0,2015
30917,bandai namco studio inc.,351970,49.99,2015
30923,codemasters,306670,18.99,2015
30925,"psyonix, inc.",405170,1.99,2015
30949,"noio,licorice",368230,4.99,2015
30961,c3sk,330570,9.99,2015
30967,funcom,402020,12.99,2015
30968,larian studios,373420,39.99,2015
30976,"rainbow studios,thq nordic",282050,29.99,2015
30979,studio pixel,409670,0.0,2015
30988,terc,397430,9.99,2015
30992,exato game studios,375040,3.99,2015
30996,michael zahniser,404410,0.0,2015
31026,dovetail games,314520,19.99,2015
31028,blue byte,375910,39.99,2015
31032,"bitl,cobalt-57",397680,0.0,2015
31035,treyarch,311210,59.99,2015
31209,mana games,409450,19.99,2015
31212,projectorgames,254200,12.99,2015
31224,bitbox ltd.,290080,39.99,2015
31292,rogue factor,276810,39.99,2015
31294,varlamov5264,405010,4.99,2015
31298,transcendent games,321060,24.99,2014
31304,stately snail,415030,4.99,2015
31307,avalanche studios,225540,49.99,2015
31391,bankroll studios,393420,24.99,2015
31463,lazy monday games,411560,0.99,2015
31467,quickfire games,328220,16.99,2015
31473,instant kingdom,349100,1.99,2003
31477,piranha games inc.,342200,0.0,2015
31492,code}{atch,344760,19.99,2015
31742,red team games,360730,0.0,2015
31746,"sachonski,renamilanesi,sith",342970,3.99,2016
31754,bloober team sa,391720,19.99,2016
31764,"signal studios,krome studios",262120,14.99,2016
31774,ndemic creations,246620,14.99,2016
31930,odin game studio,352950,14.99,2016
31939,paul fisch,96100,1.99,2016
31981,daedalic entertainment,327220,19.99,2015
31983,mohawk games,271240,19.99,2016
31992,perfect parallel,288140,34.99,2016
31996,foam entertainment,351990,9.99,2016
31999,"fabio ferrara,davide caio,nicolò azzolini,antonio carcagnì,luigi di guida,tommaso vita",310370,0.0,2016
32077,rooster teeth games,418340,19.99,2016
32116,chucklefish,211820,14.99,2016
33631,lino slahuschek,338170,8.99,2016
33657,toge productions,269310,9.99,2016
33669,pixelfade inc,396650,19.99,2016
33675,edge case games ltd.,310380,0.0,2016
33743,reto-moto,227940,0.0,2016
34479,mirko seithe,330100,14.99,2016
34483,pathea games,237870,14.99,2016
34523,tripwire interactive,232090,29.99,2016
34627,"lamina studios,mike studios",383230,12.99,2016
34631,pixyul,350600,14.99,2016
34633,"tt games,traveller's tales",332310,29.99,2017
34644,turbo pixel studios,328070,9.99,2014
34650,dan fornace,383980,14.99,2017
34656,aquiris game studio,296300,11.99,2017
34659,"tlön studios,ilex games",364050,3.99,2017
34671,trendy entertainment,236110,0.0,2017
34831,furiously inactive games,332540,13.99,2017
34834,funcom,215280,0.0,2017
34869,hinterland studio inc.,305620,34.99,2017
34989,fractal phase,381020,19.99,2017
34992,fishing planet llc,380600,0.0,2015
35036,"studio wildcard,instinct games,efecto studios,virtual basement llc",346110,59.99,2017
35996,wolfire games,25000,29.99,2017
36036,omniconnection,335430,0.0,2017
36045,boneloaf,285900,19.99,2017
36113,hoobalugalar_x,355180,0.0,2017
36145,blue mammoth games,291550,0.0,2017
36238,gamecrafterteam,257030,19.99,2017
36240,alientrap,287220,9.99,2017
36243,freejam,301520,0.0,2017
37839,oddonegames,361800,19.99,2017
37842,sauropod studio,227860,24.99,2017
37856,"batterystaple games,fire hose games",322110,14.99,2017
37860,sebastian nigro,357650,4.99,2017
37865,red thread games,237850,24.99,2017
37869,smartly dressed games,304930,0.0,2017
42329,alientrap,344740,14.99,2017
42337,sun-studios,340580,9.99,2017
42339,"midgar studio,fusty game",280180,19.99,2017
42347,section studios,352460,14.99,2015
42427,lightbulb crew,342150,0.0,2017
42433,powerhoof,293780,14.99,2017
42445,lord kres,344040,3.99,2015
42460,polykid,401810,14.99,2017
42463,incandescent games,290020,19.99,2017
42465,digitalmindsoft,302670,0.0,2016
42489,excalibur,299250,19.99,2016
42490,tall tail studios,417990,19.99,2016
42494,ubisoft - san francisco,221680,39.99,2016
42514,eggcode,341000,14.99,2016
42518,reakktor studios,324810,0.0,2016
42536,eko software,360170,14.99,2016
42539,stone blade entertainment,232450,0.0,2016
42543,bluebutton games,315430,12.99,2014
42571,mura interactive,290000,9.99,2016
42574,dry cactus,367450,11.99,2016
42578,strange fire,381120,9.99,2016
42594,icetesy sprl,270210,9.99,2016
42601,s.c. 16 bit nights s.r.l.,383580,1.99,2016
42621,raptor claw games,408740,9.99,2016
42625,klei entertainment,322330,14.99,2016
42910,black forest games,299480,19.99,2016
42912,"antanas marcelionis,renė petrulienė",306040,1.99,2016
42916,eyemobi ltd.,342550,14.99,2016
42917,"fabio ferrara,giulia airoldi",400240,0.99,2015
42919,miniboss,263980,0.49,2016
42940,"chad close,kyle weik",351730,4.99,2016
42945,fabio ferrara,299460,2.99,2014
42975,crate entertainment,219990,24.99,2016
43007,shield break studios,348460,4.99,2016
43009,robotronic games,224500,14.99,2016
43030,redshift,428880,9.99,2016
43033,vae victis games,264120,0.0,2016
43048,egamea game studios,363270,7.99,2016
43054,dark day interactive,412400,0.0,2015
43066,red hook studios,262060,24.99,2016
43135,cybertime system,316390,0.0,2015
43147,"rocketeer games studio, llc",298240,0.0,2015
43212,gravity interactive,381990,0.0,2010
43214,"fabio ferrara,giulia airoldi",400250,0.99,2015
43217,orlyapps,356070,2.99,2015
43227,hellbent games,418300,5.99,2015
43230,webgames,416670,0.0,2015
43233,"jundroo, llc",397340,12.99,2015
43239,"iguana entertainment,nightdive studios",405820,19.99,1997
43241,cavedog entertainment,298030,4.99,1997
43244,stygian software,250520,14.99,2015
43248,studiogiw,421890,7.99,2015
43251,offworld industries,393380,39.99,2015
43287,travian games gmbh,386510,2.99,2015
43290,gdt limited,412470,0.0,2015
43295,"olde sküül,sculptured software",200150,29.99,2015
43297,bluehole ginno games,407510,0.0,2015
43305,outerminds inc.,390520,7.99,2015
43308,square enix,345350,19.99,2015
43310,dotemu,407600,9.99,2015
43311,"virtual basement llc,code headquarters llc",360940,9.99,2015
43321,vlambeer,242680,11.99,2015
43405,arrowhead game studios,394510,19.99,2015
43407,istom games kft.,415420,2.99,2015
43415,crows crows crows,409160,0.0,2015
43441,hosted games,423120,3.99,2015
43443,fatshark,419070,0.0,2015
43451,"polarityflow,adrian zingg",387240,9.99,2015
43455,ubisoft montreal,359550,14.99,2015
43473,afterthought llc,376210,19.99,2015
43479,nikita online,397040,0.0,2015
43487,"klei entertainment,capybara games",393010,4.99,2015
43499,eyzi,423880,0.0,2015
43541,blue byte,336520,0.0,2015
43553,visualarts/key,324160,49.99,2015
43555,very simple idea studios,418910,4.99,2015
43560,"ben 'yahtzee' croshaw,collected worlds",403700,4.99,2015
43561,hosted games,421630,3.99,2015
43563,kyle seeley,417860,0.0,2015
44308,muha games,378720,19.99,2015
44311,creativeforge games,307670,19.99,2015
44315,"ubisoft quebec, in collaboration with ubisoft annecy, bucharest, kiev, montreal, montpellier, shanghai, singapore, sofia, toronto studios",368500,39.99,2015
44321,dharker studio,398100,9.99,2015
44325,ice entertainment,390670,0.0,2015
44337,"cave interactive co.,ltd.",377860,19.99,2015
44338,"relic entertainment,thq nordic",324680,9.99,2003
44339,shumkov dmitriy,409510,0.0,2015
44343,"space cat studios,snowflame,back to basics gaming",418070,0.99,2015
44359,unwonted studios,416130,0.0,2015
44363,bethesda game studios,377160,29.99,2015
44505,lugus studios,410340,19.99,2015
44525,dinosaur polo club,287980,9.99,2015
44558,choice of games,416640,5.99,2015
44564,"skybox labs,forgotten empires",355950,9.99,2015
44565,landfall,375600,0.0,2015
44571,interplay inc.,38400,9.99,1997
44578,sonic team,329440,29.99,2015
44582,"idea factory,compile heart,felistella",353270,29.99,2015
44588,"zykov eddy,xitilon",412140,0.0,2015
44594,wildgrass,325300,12.99,2015
44598,hosted games,411570,7.99,2011
44600,fatshark,235540,29.99,2015
44628,"kadokawa,yoji ojima",363890,79.99,2015
44632,orange_juice,335190,6.99,2015
44635,oreol,409590,9.99,2015
44641,snapshot games inc.,319050,9.99,2015
44653,peter moorhead,404080,0.99,2015
44655,code club ab,366220,29.99,2015
44658,double damage games,290300,19.99,2015
44663,"games by robert, llc",408990,12.99,2015
44666,pigravity,410210,0.99,2015
44672,tomorrow corporation,375820,9.99,2015
44680,madruga works,403190,19.99,2015
44686,codename entertainment inc.,402840,0.0,2015
44692,telltale games,376870,24.99,2015
44711,ion storm,397550,0.0,2015
44714,"psyonix, inc.",399730,3.99,2015
44718,switchblade monkeys entertainment,265750,14.99,2015
44728,iron tower studio,230070,29.99,2015
44730,south east games,337320,14.99,2015
44748,kylotonn racing games,354160,39.99,2015
44749,"firaxis games,aspyr (mac, linux)",353830,29.99,2015
44750,zbigniew ochman,375030,1.99,2015
44752,akakiy petrushkin,403570,3.99,2015
44754,everything unlimited ltd.,303210,9.99,2015
44824,serenity forge,370480,9.99,2015
44826,"jagex,artplant",400842,3.99,2015
44830,"koei tecmo games co., ltd.",348470,49.99,2015
44832,visual concepts,370240,59.99,2015
44837,gaming minds studios,310470,19.99,2015
44839,forbes consult ltd,385890,0.0,2015
44845,"alpixel games,luis diaz,gustavo santos,albert fernandez,tice thomason",395520,0.0,2015
44857,"erik svedäng,el huervo / niklas åkerblad,tobias sjögren,oscar ""ratvader"" rydelius,johannes gotlén",400110,24.99,2015
44860,cyanide studios,236690,19.99,2015
44862,team eleven eleven,404480,0.0,2015
44892,tml-studios,381850,4.99,2015
44895,cat in jar games,402890,0.0,2015
44898,digital melody,398710,0.99,2015
44907,great war team,383450,4.99,2015
44910,blueline games,312280,0.0,2015
44926,ninjalex,399790,2.99,2015
44932,supervillain studios,357480,0.0,2015
44950,alice in dissonance,344770,14.99,2015
44952,hammerfall publishing,322910,14.99,2015
44964,marbenx,359050,0.99,2015
45015,eugen systems,318020,29.99,2015
45016,baller industries,395910,2.99,2010
45017,storm_sharks,385830,2.99,2015
45021,rake in grass,314410,11.99,2015
45029,league of geeks,290340,19.99,2015
45041,"jurlo,jetpackgone",385330,2.99,2015
45043,labyrinthine,397500,2.99,2015
45047,studio eres,298360,9.99,2007
45050,razvan,399430,0.99,2015
45052,eforb,369400,0.0,2015
45068,underdog games,356520,0.0,2015
45070,"gord10,aslan game studio",387970,0.0,2015
45076,"game arts co., ltd.,skybox labs",330390,19.99,2015
45077,capcom,363440,14.99,2015
45078,shiro games,359310,19.99,2015
45082,"pinokl games,kverta",356570,12.89,2015
45088,warteam,391460,0.0,2015
45160,"idea factory,design factory",359390,29.99,2015
45161,vogelsap,290490,16.99,2015
45163,burstray games,352010,7.99,2015
45166,softstar,335820,0.0,2015
45170,marxnet,372800,0.0,2015
45182,"edmund mcmillen,james id",384360,1.87,2015
45184,walter machado,357070,0.99,2015
45188,hypersloth,229580,8.99,2015
45198,invertmouse,360550,5.99,2015
45199,vertigo games,362410,9.99,2015
45201,david szymanski,391270,0.0,2014
45210,quad games,391070,0.99,2015
45213,never don't play,282780,2.99,2015
45216,lag studios,356670,0.0,2015
45288,"funselektor labs inc.,flippfly",320140,11.99,2015
45313,freakinware studios,389570,0.0,2015
45337,stainless games ltd.,316010,0.0,2015
45363,the odd gentlemen,345390,24.99,2015
45365,a crowd of monsters,383750,6.99,2015
45368,kronosaur productions,364510,8.99,2015
45371,kitatus studios,364690,0.99,2015
45377,acquire corp.,312780,24.99,2015
45379,bithuffel,327500,9.99,2015
45381,hesketh studios,331500,12.99,2015
45391,konsordo,386880,4.99,2015
45411,pillowpiggames,362810,4.99,2015
45413,gambrinous,317820,14.99,2015
45415,real dynamics,385270,3.99,2015
45421,machinespirit,369060,9.99,2015
45424,baggy cat ltd,373390,9.99,2015
45430,moment studio,350150,14.99,2015
45433,childish things,351050,9.99,2015
45435,question,323380,19.99,2015
45445,trion worlds,304050,0.0,2015
46141,gatling goat studios,327520,14.99,2015
46144,yfc games,384980,0.0,2015
46148,"jackbox games, inc.",351510,9.99,2015
46151,tomasz wacławek,274230,12.99,2015
46155,timesymmetry,242130,24.99,2015
46161,notgames,369580,2.99,2015
46176,"acceleroto, inc.",300400,2.99,2015
46177,"virgin interactive entertainment,priitk",352700,0.0,2015
46181,skobbejak games,345440,9.99,2015
46187,zachtronics,300570,24.99,2015
46193,pixowl inc.,265810,4.99,2015
46205,jae lee productions,316930,9.99,2015
46207,prism game studios ltd.,317400,0.0,2015
46258,rocksteady studios,208650,19.99,2015
46358,"wisdom tree, inc.",371180,4.99,1995
46359,creative assembly,343462,14.99,2015
46360,travian games gmbh,374450,4.99,2015
46361,"henrique pegacha,rafael lima,nuno guerreiro",380580,0.99,2012
46364,pestoforce,283080,4.99,2015
46368,split polygon,363360,14.99,2015
46372,"capcom co., ltd.",329050,24.99,2015
46373,skinny jean death studios,378850,1.99,2015
46377,holy priest,351640,0.0,2015
46429,team6 game studios b.v.,336250,9.99,2015
46432,imgn.pro,343710,19.99,2015
46434,space boat studios,327090,14.99,2015
46455,slightly mad studios,334772,3.49,2015
46458,michaela laws,367120,0.0,2015
46466,"jetdogs studios,zoom out games",360640,2.99,2015
46470,practicing01,375220,0.0,2015
46472,t3 entertainment,349720,0.0,2007
46475,mint age studios,375510,0.99,2015
46495,splash damage,333930,0.0,2015
46753,tomorning productions,268970,14.99,2015
46757,retronic games,365900,4.99,2015
46761,"northway games,sarah northway",257170,14.99,2015
46767,frontwing,345610,39.99,2015
46771,"高考恋爱委员会,橘子班",347620,9.99,2015
46775,dark amber softworks,367240,9.99,2015
46779,"idea factory,compile heart,felistella",351710,29.99,2015
46789,aurelien regard,332250,12.99,2015
46792,lighthouse games studio,330580,2.99,2015
46795,orbital knight,352960,4.99,2015
46797,"gromada,buka entertainment",352130,4.99,2003
46799,solest games,278570,1.99,2015
46802,pieces interactive,238370,14.99,2015
46814,dylan fitterer,235800,14.99,2015
46827,john cullen,370150,4.99,2015
46829,mystic games,366890,4.99,2015
46833,daniel jonathan bourke,351800,0.0,2015
46854,grey alien games,351090,9.99,2015
46855,"dragonfly gf co., ltd",286940,0.0,2013
46860,stolen couch games,304950,14.99,2015
46865,radical fish games,368340,19.99,2015
46867,deion mobile,371500,0.99,2015
46870,07th expansion,310360,5.99,2015
46872,roll7,274270,12.99,2015
46881,thomas happ games llc,332200,19.99,2015
46884,klei entertainment,243970,19.99,2015
46896,agc,368990,0.99,2015
46908,carmine t. guida,340350,0.0,2013
46914,drixy games,369000,0.99,2015
46919,immersive douro,361330,14.99,2015
46924,reactor zero,351140,0.0,2015
46928,koga tech limited,367670,2.99,2015
46929,machinegames,350080,19.99,2015
46933,crowbar collective,362890,19.99,2015
46997,"radial games corp,loren bednar,dr. kimberly voll,lindsay jorgensen",289760,6.99,2015
47012,dexp,365070,0.0,2014
47017,game in a bottle,296490,9.99,2015
47020,"jagex,artplant",299360,0.0,2015
47156,"finji,kittehface software",358960,2.99,2015
47158,snk corporation,356310,0.0,2015
47160,coredumping,362620,13.99,2015
47164,amplitude studios,357360,9.99,2015
47166,panzer gaming studios,290650,4.99,2015
47171,behold studios,251130,14.99,2015
47174,halfbus,340150,9.99,2015
47186,stage-nana,264380,0.0,2007
47202,undead labs,329430,29.99,2015
47205,squad,220200,39.99,2015
47463,nate schmold,293240,9.99,2015
47467,cliffhanger productions,267750,19.99,2015
47470,"m2h,blackmill games",242860,24.99,2015
47692,totally games,355250,9.99,1994
47693,wayforward,345820,19.99,2015
47701,climax studios,354380,9.99,2015
47705,retro yeti games,361630,0.0,2015
47715,tb games,351290,4.99,2015
47787,rockstar north,271590,39.99,2015
48299,"netherrealm studios,high voltage software",307780,19.99,2015
48327,netherrealm studios,347880,9.99,2015
48328,mint age studios,363490,0.99,2015
48334,"nina freeman,laura knetzger,stephen lawrence clark",364450,0.0,2015
48336,zero sum games,252450,29.99,2015
48340,bossa studios,327890,12.99,2015
48416,"circle five studios,pub games",321360,12.99,2015
48432,nornware ab,357330,14.99,2015
48435,house of tales,343000,4.99,2001
48436,atomictorch studio,324260,14.99,2015
48441,acid nerve,297130,14.99,2015
48450,"expansive worlds,avalanche studios",322920,9.99,2015
48498,obsidian entertainment,291650,29.99,2015
48503,four quarters,354240,4.99,2015
48509,zeiva inc,348620,4.99,2014
48529,heartbit interactive,318130,9.99,2011
48531,brainchild,356380,0.99,2015
48535,triangle studios,342620,9.99,2015
48539,phoenix studio,350220,4.99,2015
48545,owlchemy labs,234920,14.99,2015
48549,vidiludi games and entertainment,348670,0.99,2015
48554,creative assembly,335030,2.99,2015
48555,crian soft,347670,9.99,2015
48559,zenimax online studios,306130,19.99,2014
48611,interaction studios,353090,4.99,2015
48614,still running,342300,6.99,2015
48616,rubycone,334070,9.99,2015
48625,"ubisoft sofia,ubisoft kiev",311560,19.99,2015
48633,colossal order ltd.,255710,29.99,2015
48757,dennaton games,274170,14.99,2015
48791,capcom,320350,5.99,2015
48793,ronimo games,351461,3.99,2015
48796,"milan kazarka,jeroen van oosten",351790,23.96,2015
48805,locomotivah,351900,1.99,2015
48809,"signal studios,smart ghost",307880,14.99,2015
48854,"mario von rickenbach,michael frei",353560,2.99,2015
48875,rebellion,301640,44.99,2015
48888,scott cawthon,354140,7.99,2015
48969,blackfire games,339400,9.99,2015
48973,"crescent moon games,cinopt studios",328940,14.99,2015
48975,"snk corporation,code mystics",222440,14.99,2015
48976,"nina freeman,emmett butler,decky coss,joni kittaka",353360,0.0,2014
48996,camouflaj,317100,24.99,2015
48999,lesley dodd,341310,1.99,2015
49005,iridium studios,319740,14.99,2015
49011,erik asmussen,270450,9.99,2015
49035,keen software house,333950,19.99,2015
49105,anisoptera games,329130,14.99,2015
49114,great war team,340610,4.99,2015
49116,shining gate software,323720,9.99,2015
49118,mouldy toof studios,298630,17.99,2015
49343,fermenter games,346180,1.99,2014
49345,creative assembly,325610,44.99,2015
49361,turtle rock studios,273350,0.0,2015
49457,dingo games,345200,5.99,2015
49469,reiza studios,273840,14.99,2015
49472,"m2 co.,ltd",320760,14.99,2015
49475,payload studios,285920,19.99,2015
49493,cabygon,335840,4.99,2015
49496,bob the game development bot,340050,4.99,2015
49502,minori,315810,19.99,2015
49505,anothink,348380,1.99,2015
49509,"matt kap,nicalis, inc.",262960,9.99,2015
49513,focus home interactive,313010,9.99,2015
49516,microblast games,343360,0.99,2015
49519,roseverte,335660,6.99,2011
49522,"idea factory co., ltd.,compile heart co., ltd.,felistella co., ltd.",282900,29.99,2015
49570,"dontnod entertainment,feral interactive (mac),feral interactive (linux)",319630,0.0,2015
49810,atelier 801,335240,0.0,2015
49879,zanrai interactive,341530,3.99,2015
49881,lazy bum games,342230,2.99,2015
49884,spiderling studios,346010,7.99,2015
50073,doctor entertainment ab,214420,0.0,2015
50148,dotemu,297000,14.99,2015
50154,red dwarf games,346250,0.0,2012
50170,techland,239140,39.99,2015
50292,archive entertainment,250420,0.0,2015
50520,double fine productions,316790,14.99,2015
50524,mages. inc.,329490,11.99,2015
50527,rdt.32,327640,0.0,2015
50543,endless loop studios,258050,2.99,2013
50546,"deep silver volition,high voltage software",301910,14.99,2015
50561,"binary zoo,the game creators",338000,0.0,2015
50579,raylight games,328670,4.99,2013
50581,stephenallen,343270,0.99,2013
50583,forever entertainment s. a.,340310,4.99,2015
50586,winter wolves,333390,24.99,2014
50589,dotemu,314150,5.99,2015
50590,sometimes you,339470,0.99,2015
50596,gameguyz,335150,0.0,2015
50597,gabbergames.com,322900,6.99,2015
50599,exe-create,323450,9.99,2015
50602,"rodeo games,twistplay",326670,14.99,2015
50604,atypical games,304910,9.99,2015
50607,"bitmonster, inc.",332500,19.99,2015
50657,if studios,322300,19.99,2014
50661,microsoft game studios,314160,24.99,2006
50669,"2k australia,gearbox software,aspyr (mac,linux)",289881,9.99,2014
50675,"snk corporation,code mystics",222420,14.99,2014
50676,creative assembly,327280,14.99,2014
50677,croteam,257510,39.99,2014
50701,renegade kid,319140,9.99,2014
50703,brytenwalda,321300,14.99,2014
50727,exe games inc.,335330,0.0,2012
50767,quantumfrog,335890,2.99,2014
50768,crystal dynamics,289690,19.99,2014
50772,"jumpstart games, inc.",332070,0.0,2014
50808,"schine, gmbh",244770,14.99,2014
50843,doublebear productions,239840,19.99,2014
50852,screwfly studios,337040,9.99,2014
50855,"monolith productions, inc.,feral interactive (mac),feral interactive (linux)",313375,0.99,2014
50857,glass knuckle games,331220,7.99,2014
50859,alice in dissonance,286260,14.99,2013
50860,imaekgames [imaek limited],314300,7.99,2014
50865,ivory tower in collaboration with ubisoft reflections,241560,29.99,2014
50904,ivory tower in collaboration with ubisoft reflections,315396,19.99,2014
50907,telltale games,330840,29.99,2014
50932,pixeljam,328500,3.99,2014
50934,postmod softworks,297350,5.99,2014
50938,alternative software ltd,328830,19.99,2014
50943,scs software,318520,1.99,2014
50945,gameart studio gmbh,317440,9.99,2014
50957,"lucid games,aspyr (mac &amp; linux)",310790,14.99,2014
50960,telltale games,330830,24.99,2014
51002,with the love studios,326720,1.99,2014
51004,io entertainment,266150,0.0,2013
51010,spicy horse,230310,0.0,2014
51014,"jackbox games, inc.",331670,24.99,2014
51023,strike games,263480,4.99,2014
51027,11 bit studios,282070,19.99,2014
51150,numantian games,296570,19.99,2014
51151,ninja kiwi,306020,9.99,2014
51169,soviet games,331470,0.0,2014
51229,sky drake studios,305960,17.99,2014
51234,hunted cow studios,298160,0.0,2014
51264,scott cawthon,332800,7.99,2014
51324,ubisoft,289650,29.99,2014
51398,sega,294860,19.99,2014
51443,"2k australia,gearbox software,aspyr (mac &amp; linux)",275690,9.99,2014
51445,"vblank entertainment, inc.",204630,14.99,2014
51473,"tt games ltd,feral interactive (mac)",313690,19.99,2014
51485,tml-studios,306370,9.99,2009
51486,"cyberconnect2 co., ltd.",318710,1.99,2014
51488,ultravision interactive,326990,5.99,2014
51490,rival games ltd,319970,3.99,2014
51492,"ci games,deck 13",265300,29.99,2014
51504,tin man games,270490,4.99,2014
51510,epiphany games,284140,4.99,2014
51514,axyos games,318100,7.99,2014
51522,"sledgehammer games,raven software",209650,59.99,2014
51589,"sledgehammer games,raven software",317660,49.99,2014
51592,digital confectioners,274940,19.99,2014
51688,8-bit studio,274620,0.0,2017
51693,amplitude studios,249050,11.99,2014
51741,mountain sheep,321980,14.99,2014
51746,double action factory,317360,0.0,2014
51881,"firaxis games,aspyr (mac, linux)",65980,39.99,2014
51915,"tomi maarela,elias viglione",318430,1.99,2014
51951,milkstone studios,308420,14.99,2014
51978,digerati distribution,250580,9.99,2013
51996,killhouse games,248610,19.99,2014
52032,full control,256010,19.99,2014
52038,5 bits games,284460,9.99,2014
52044,battlegoat studios,314980,19.99,2014
52047,"rudolf kremers &amp; alex may,tuna",221180,14.99,2014
52049,almost human games,251730,23.99,2014
52055,lavaboots studios,327860,14.99,2014
52070,desert owl games llc,201210,0.0,2014
52073,"2k australia,gearbox software,aspyr (mac and linux)",261640,39.99,2014
52211,"united front games,feral interactive (mac)",307690,29.99,2014
52232,extend studio,315340,9.99,2014
52234,9heads game studios,251170,9.99,2014
52246,avalanche software,301760,19.99,2011
52252,"creative assembly,feral interactive (mac),feral interactive (linux)",214490,39.99,2014
52295,avalanche software,300820,19.99,2011
52297,square enix,292120,15.99,2014
52308,crytek,302510,19.99,2014
52315,smack down productions,325110,6.99,2012
52316,eurocom,316260,19.99,2011
52318,vine,321830,9.99,2014
52330,lab zero games,245176,1.99,2014
52336,arrowhead game studios,258970,19.99,2014
52360,italic pig,295490,9.99,2014
52362,deck13 hamburg,289930,19.99,2014
52368,qwiboo ltd,317510,1.99,2014
52370,sixteen tons entertainment,323610,4.99,2006
52376,the astronauts,258520,19.99,2014
52388,little green men games,236150,34.99,2014
52403,phigames,278620,9.99,2014
52411,breakfall,263020,11.99,2014
52439,housemarque,305050,9.99,2014
52442,"turtle cream,pokpoong games",299660,3.99,2014
52446,orion games,311140,3.99,2006
52447,id software,282440,9.99,2010
52478,"square enix,dotemu sas.",312750,15.99,2014
52480,harebrained schemes,300550,14.99,2014
52488,fugazo,320970,19.99,2014
52489,idhas studios,321840,0.0,2013
52494,rail slave games,292630,4.99,2014
52521,matthew brown,304410,4.99,2014
52530,lgk games,306550,9.99,2014
52532,conrad nelson,307170,4.99,2014
52535,urban games,304730,19.99,2014
52544,elijah newman-gomez,266430,0.0,2014
52612,"mediatonic,hato moa,the irregular corporation",310080,9.99,2014
52639,on the level game studios,313590,1.99,2014
52642,capcom game studio vancouver,265550,29.99,2014
52658,uber entertainment,321580,34.99,2014
52659,lightmare studios,257730,0.0,2014
52679,shawn beck,317710,7.99,2014
52683,razorworks,315600,4.99,2005
52685,razorworks,315740,4.99,2008
52686,double fine productions,246070,13.37,2014
52692,team reptile,261180,13.99,2014
52743,psychic software,295710,0.0,2014
52773,david oreilly,313340,0.99,2014
52897,sfb games,272600,6.99,2014
52901,spearhead games,285580,189.96,2014
52919,piranha bytes,249230,14.99,2014
52920,scott cawthon,319510,4.99,2014
53128,1c-softclub,289520,12.99,2014
53130,cosmic cow llc,317470,0.0,2014
53172,smg studio,312630,7.99,2014
53178,capcom,45760,29.99,2014
53199,ganz,293500,0.0,2014
53229,brilliant skies ltd.,268650,19.99,2014
53278,katauri,295550,0.0,2014
53299,dr studios,305260,0.0,2014
53329,"quicktequila,calum bowen",317890,2.99,2014
53331,dead shark triplepunch,244590,0.0,2014
53346,ticktock games,275510,12.99,2014
53347,masthead studios ltd,293540,0.0,2014
53377,stegersaurus software inc.,296470,4.99,2014
53431,actalogic,291930,19.99,2014
53433,codemasters digital,287340,6.99,2014
53437,vitali kirpu,264140,9.99,2015
53561,quicktequila,298600,5.99,2014
53571,retro army limited,311870,4.99,2014
53574,deconstructeam,274290,9.99,2014
53586,dan walters,299720,1.99,2014
53592,@unepic_fran,233980,12.99,2014
53607,creability,298260,0.0,2014
53640,touz,312210,14.99,2014
53656,jforce games,274900,0.99,2014
53684,"roll7,general arcade",274250,12.99,2014
53692,monolith productions,299030,4.99,1998
53694,blueeagle productions,311190,2.99,2014
53697,tlön studios,313020,2.99,2013
53703,hexage,302970,4.99,2014
53705,ace team,255070,14.99,2014
53711,aperture tag team,280740,4.99,2014
53751,hyper hippo games,312150,2.99,2014
53771,elder games,265120,6.99,2014
53773,vivid games s.a.,296770,4.99,2014
53774,kog,237310,0.0,2014
53930,"bat country games, llc",304670,2.99,2014
53936,legend studio,307130,4.99,2014
53939,i fight bears,305070,3.99,2014
53945,x-legend,268420,0.0,2014
54060,ticktock games,275530,6.99,2014
54064,studio radi-8,244630,0.0,2014
54074,smartly dressed games,306460,4.99,2014
54114,darkelite,307070,4.99,2014
54123,ubisoft montpellier,260230,14.99,2014
54150,big ant studios,216260,39.99,2014
54165,yacht club games,250760,24.99,2014
54213,"codemasters racing,feral interactive (mac),feral interactive (linux)",255220,39.99,2014
54225,rebellion,238090,29.99,2014
54259,rebellion,308310,29.99,2014
54261,spicy tails,269250,12.99,2014
54263,choice of games,299540,4.99,2012
54267,stolen couch games,300300,4.99,2014
54270,oovee® game studios,263280,14.99,2014
54375,passtech games,275670,14.99,2014
54377,hammer labs,266390,9.99,2013
54381,"skybox labs,big huge games",287450,19.99,2014
54413,lesta studio,285480,1.99,2003
54414,humongous entertainment,294570,6.99,2001
54416,ironsun studios,287120,4.99,2014
54418,jujubee s.a.,298340,4.99,2014
54422,microblast games,303390,0.99,2014
54479,proxy studios,287580,29.99,2013
54481,edelweiss,283680,19.99,2014
54487,projectorgames,289090,4.99,2014
54497,airtight games,233290,29.99,2014
54515,key17 games,296050,4.99,2012
54517,"expansive worlds,avalanche studios",253710,0.0,2014
54857,scs software,302080,7.99,2007
54861,"nicalis, inc.",260790,14.99,2014
54864,"trion worlds, inc.",224600,0.0,2014
55040,glass knuckle games,299780,6.99,2014
55043,scs software,302060,4.99,2011
55045,phenomenon games,268220,6.99,2014
55049,krillbite studio,250620,16.99,2017
55070,axis game factory,270940,14.99,2014
55075,the working parts,294140,1.99,2014
55081,"sparpweed,codeglue",95400,11.99,2014
55096,ubisoft,243470,29.99,2014
55198,square enix,239120,15.99,2014
55200,nomad games,275610,9.99,2014
55202,freegamer,300900,4.99,2014
55203,gone north games,278360,12.99,2014
55218,genee network,296150,0.99,2014
55222,firebase industries ltd.,297330,9.99,2014
55226,kunst-stoff gmbh,296650,4.99,2014
55230,machine games,201810,19.99,2014
55269,supergiant games,237930,19.99,2014
55371,the game kitchen,284390,9.99,2014
55373,onson soft,300970,0.0,2008
55379,angry mob games,263700,6.99,2014
55383,chris sawyer productions,285330,9.99,2002
55385,chris sawyer productions,285310,5.99,1999
55391,noble empire corp.,262410,0.0,2014
55478,secret exit ltd.,263760,9.99,2014
55547,vis - visual imagination software,291910,19.99,2014
55549,smolders,300220,3.99,2014
55552,press play,255390,14.99,2014
55553,vagabond dog,274310,9.99,2014
55565,"holy warp,black wing foundation",284930,9.99,2014
55568,dl softworks,301750,6.99,2014
55592,orange_juice,282800,6.99,2013
55614,meteoric games,291250,9.99,2014
55619,"koei tecmo games co., ltd.",278080,49.99,2014
55630,centauri production,237970,24.99,2014
55632,osumia games,270150,14.99,2015
55650,over the top games,225280,12.99,2014
55656,3d realms (apogee software),358260,4.99,1991
55657,redwood games,358340,4.99,1992
55659,big finish games,261510,19.99,2014
55661,grip games,251630,4.99,2014
55665,battlegoat studios,244410,12.99,2014
55668,oryx design lab,297210,0.0,2014
55673,humongous entertainment,294650,6.99,1993
55675,awesomeblade,296910,3.99,2014
55678,"masangsoft, inc.",242720,0.0,2014
55831,moacube,293680,19.99,2012
55834,humongous entertainment,292240,6.99,1999
55836,humongous entertainment,292780,6.99,1998
55838,"holy warp,black wing foundation",287100,9.99,2014
55840,big robot ltd,242880,19.99,2013
55878,3d realms (apogee software),358250,4.99,1992
55880,moonlite software,358290,4.99,1994
55882,"fromsoftware, inc",236430,39.99,2014
56034,codebrush games,207230,0.0,2014
56145,crazy moo games,275490,6.99,2014
56163,"boolat games,alawar entertainment",296240,6.99,2012
56166,hitcents,280930,4.99,2014
56178,zombie studios,230840,9.99,2014
56186,ubisoft montréal,256290,14.99,2014
56197,atapki,295990,4.99,2014
56198,"redlynx, in collaboration with  ubisoft shanghai, ubisoft kiev",245490,19.99,2014
56202,"amaranth games, llc",278490,9.99,2014
56206,microblast games,293180,0.99,2014
56212,forever entertainment s. a.,294230,3.99,2014
56215,"arcen games, llc",273070,19.99,2014
56218,stridemann,286080,0.0,2014
56310,lab zero games,245175,1.99,2014
56312,infinite monkeys entertainment ltd.,250050,12.99,2014
56316,eugen systems,251060,29.99,2014
56330,golemlabs,282400,9.99,2004
56332,silk games,249550,9.99,2014
56335,born ready games,288370,19.99,2014
56337,"traveller's tales,feral interactive (mac)",285160,19.99,2014
56349,ino-co plus,205990,19.99,2014
56350,bohemia interactive,275700,69.99,2014
56356,phoenix game studio,280910,3.99,2014
56359,frogdice,286200,14.99,2014
56369,lion's shade,263740,9.99,2013
56381,humongous entertainment,283980,6.99,1997
56383,pyro studios,277460,4.99,2003
56385,pyro studios,277450,4.99,2005
56386,ngd studios,258590,9.99,2014
56388,lightmare studio,267340,9.99,2014
56391,knuckle cracker,280220,14.99,2014
56400,eric provan - ayyo games,269810,1.99,2014
56403,sproing,276340,9.99,2014
56409,awesome games studio,270550,1.99,2014
56561,treefortress games,269490,7.99,2014
56567,coffee stain studios,265930,9.99,2014
57353,gameore,281370,1.99,2014
57360,klei entertainment,282470,4.99,2014
57372,tragnarion studios,227560,7.99,2014
57374,milestone s.r.l.,256370,19.99,2014
57377,"mighty rabbit studios,gun.",266130,14.99,2014
57389,organic humans,269350,9.99,2014
57395,blackpowder games,243120,4.99,2014
57398,burut ct,281410,9.99,2008
57399,curve studios,281820,8.99,2011
57407,infinity ward,209160,59.99,2014
57499,gremlin interactive,283430,9.99,1993
57501,"laser guided games, llc",274560,4.99,2014
57504,"flashback games,the lordz games studio",268400,19.99,2011
57505,idol fx,283290,9.99,2003
57511,mechanist games,266070,0.0,2014
57535,simogo,269050,5.99,2014
57549,rocket bear games,204530,14.99,2014
57558,dolphinbarn,261880,4.99,2014
57561,wyrmbyte,263500,0.0,2014
57596,targem games,285500,7.99,2005
57599,comipo! llp,262490,49.99,2014
57602,hydravision entertainment,254460,6.99,2005
57606,hydravision entertainment,254480,9.99,2008
57608,bandai namco studio inc.,236470,19.99,2014
57609,capcom,254700,19.99,2014
57623,"eidos-montréal,feral interactive (mac)",239160,29.99,2014
57671,allplayer group ltd.,261920,14.99,2014
57672,smoking wolf,266210,3.49,2014
57682,niffler ltd.,262590,3.99,2014
57683,silver dollar games,264200,4.99,2014
57803,obsidian entertainment,213670,29.99,2014
58037,terrible posture games,266110,14.99,2014
58041,celsius game studios,259450,11.99,2014
58045,daedalic entertainment,281770,2.99,2014
58048,"zaxis games,b-evil",264280,4.99,2014
58052,"dejobaan games, llc",209060,14.99,2014
58060,browny application,271640,9.99,2014
58062,chaosoft games,263820,1.99,2014
58066,overdrive,251870,9.99,2011
58080,dancing dragon games,278460,14.99,2014
58084,climax studios,233350,5.99,2005
58087,rsupport inc.,269290,14.99,2014
58091,app2fun,273940,9.99,2014
58092,square enix,39210,19.99,2014
58110,cyanide,219700,0.0,2014
58114,artifex mundi,259740,9.99,2012
58118,rake in grass,262260,6.99,2014
58120,sakura river interactive,259720,14.99,2009
58129,flump studios,271860,4.99,2014
58130,south east games,263420,4.99,2014
58138,"wayforward,abstraction games",252350,9.99,2014
58146,"tt fusion,traveller's tales,feral interactive (mac)",267530,19.99,2014
58156,necrophone games,250260,14.99,2014
58200,fred wood,269270,2.99,2014
58208,sunlight games,273770,2.99,2014
58210,rail slave games,270090,3.99,2014
58214,voxler games,268260,14.99,2014
58216,ci games,271500,2.99,2008
58218,edge of reality,271520,19.99,2014
58221,edge of reality,208090,0.0,2014
59301,team 6 studios,267940,9.99,2010
59305,ubisoft,238750,24.99,2014
59308,sweet dog studios,263200,9.99,2014
59320,ragequit corporation,246700,11.99,2014
59352,double fine productions,232790,19.99,2014
59403,zen studios,255370,9.99,2014
59405,daedalic entertainment,249650,19.99,2014
59411,stoic,237990,19.99,2014
59435,bugbear,228380,39.99,2014
59585,winter wolves,257970,19.99,2014
59587,platinumgames,235460,29.99,2014
59614,phr00t's software,263360,6.99,2014
59623,yakiniku banzai,263400,9.99,2012
59632,ironhide game studio,246420,9.99,2014
59671,deep silver volition,247304,2.99,2014
59673,jason oda,263340,9.99,2014
59676,semaphore,263680,4.99,2014
59691,"ville mönkkönen,anne mönkkönen",263380,14.99,2013
59694,hörberg productions,262550,1.99,2014
59700,spicyhorse games,252150,3.99,2014
59706,altar games,237950,6.99,2007
59708,memetic games,217100,4.99,2013
59714,telltale games,261030,24.99,2013
59818,arachnid games,259390,3.99,2013
59822,entheogen studios llc,259430,7.99,2012
59825,rain games,249590,9.99,2013
59826,forever entertainment s. a.,257830,9.99,2013
59828,"eric hartman,ben garney,anthony rotondo",250340,9.99,2007
59882,avalanche studios,259080,0.0,2013
60036,bohemia interactive,221100,34.99,2013
62728,mr-software gbr,252530,34.99,2013
62734,facepunch studios,252490,19.99,2013
66790,spearhead games,253690,9.99,2013
66798,blue bottle games,248860,14.99,2014
66828,fishcow studio,265330,4.99,2013
66830,square enix,39150,11.99,2013
66839,image &amp; form,252410,9.99,2013
66845,demiurge studios,234330,0.0,2013
66863,hitcents,248650,3.99,2013
66872,starquail games,253350,29.99,2013
66874,andrii vintsevych,261980,0.0,2009
66930,gamepires,243800,24.99,2013
66939,"gearbox software,aspyr (mac &amp; linux)",245910,2.99,2013
66941,playway s.a.,258880,14.99,2013
66942,"relic entertainment,feral interactive (mac),feral interactive (linux)",249082,3.99,2013
66943,phr00t's software,259620,4.99,2011
66952,lonely troops,259550,5.99,2012
66956,the farm 51,231330,19.99,2013
66958,egosoft,2870,29.99,2013
66982,compulsion games,224460,9.99,2013
66998,paradox development studio,226669,1.99,2013
67001,critical studio,218130,0.0,2013
67034,"netherrealm studios,high voltage software",242700,19.99,2013
67048,"irrational games,aspyr (mac),virtual programming (linux)",214931,14.99,2013
67049,cipher prime studios,237760,9.99,2013
67051,jowood vienna,260750,9.99,2004
67053,mighty rocket studio,233190,9.99,2013
67055,spiderweb software,233310,9.99,2013
67058,no more room in hell team,224260,0.0,2011
67859,ludosity,247580,4.99,2013
67862,creative assembly,259800,2.99,2013
67864,gravity interactive,215100,0.0,2003
67873,reality pump,259320,4.99,2002
67877,"koboldgames,daedalic entertainment",255300,9.99,2013
67879,farsight studios,238260,0.0,2013
67887,namco bandai games,239720,19.99,2013
67889,kylotonn entertainment,256070,9.99,2013
67890,cherry pop games,254440,9.99,2013
67925,firefly studios,40950,5.99,2001
67929,firefly studios,40970,9.99,2002
67939,minor key games,252630,14.99,2013
67951,"united independent entertainment gmbh,actalogic",252910,3.99,2010
67952,traveller's tales,249130,19.99,2013
68034,betadwarf,249990,14.99,2013
68046,ninja theory,245280,19.99,2013
68058,cyberconnect2 co. ltd.,234670,19.99,2013
68116,"wb games montreal,splash damage",209000,19.99,2013
68248,milestone s.r.l.,256330,29.99,2013
68251,beautifun games,252670,7.99,2013
68254,swing swing submarine,235980,9.99,2013
68256,positech games,245470,24.99,2013
68313,nomad games,258200,6.99,2013
68316,team reptile,248550,14.99,2013
68319,deep silver volition,238300,1.99,2013
68323,wild games studio,242800,2.99,2013
68353,flying wild hog,233130,39.99,2013
68403,treyarch,219103,14.99,2013
68406,dischan media,248800,4.99,2013
68422,reality pump,254080,4.99,2001
68423,studio fizbin,251430,14.99,2013
68429,starbreeze,253980,4.99,2003
68437,ice-pick lodge,250380,9.99,2013
68438,"arcen games, llc",238910,9.99,2013
68444,vertigo gaming inc.,247020,9.99,2013
68484,777 studios,244050,0.0,2013
68488,the chinese room,239200,19.99,2013
68518,bohemia interactive,107410,39.99,2013
69157,crazy viking studios,247240,9.99,2013
69169,snk corporation,222940,19.99,2013
69175,creative assembly,214950,59.95,2013
69262,fullbright,232430,14.99,2013
69342,starbreeze studios ab,225080,14.99,2013
69447,deep silver volition,247293,2.99,2013
69449,petit depotto,249330,3.99,2013
69452,love conquers all games,239700,9.99,2013
69453,2k marin,65930,19.99,2013
69463,deep silver volition,206420,14.99,2013
69855,"iron galaxy studios, llc",244730,4.99,2013
69865,ubisoft toronto,235600,29.99,2013
69905,treyarch,234792,1.99,2013
69906,lab zero games,245170,9.99,2013
70028,3909,239030,9.99,2013
70156,drinkbox studios,214770,14.99,2013
70186,paradox development studio,236850,39.99,2013
70280,exato games studio,241720,14.99,2013
70290,crackshell,239070,9.99,2013
70342,test3 projects,234390,12.99,2013
70356,stainless games,213850,9.99,2013
70366,dovetail games,222587,19.99,2013
70367,cellar door games,241600,14.99,2013
70487,zero point software,236370,9.99,2013
70622,nadeo,232910,9.99,2013
70640,milestone s.r.l.,240600,9.99,2013
70643,frogwares,209630,9.99,2013
70645,daedalic entertainment,230820,19.99,2013
70647,eugen systems,222750,19.99,2013
70664,"olli harjola, otto hantula, tom jubert, carlo castellano",231160,14.99,2013
70688,toraiki,258090,9.99,2013
70691,stardock entertainment,228260,24.99,2013
70703,neocoregames,215530,14.99,2013
70727,"arcen games, llc",238890,4.99,2013
70730,humble hearts llc,236090,14.99,2013
70882,xyla entertainment,234490,9.99,2013
70897,techland,204450,14.99,2013
70930,suspicious developments,206190,9.99,2013
71086,"codemasters racing,feral interactive (mac)",44350,29.99,2013
71128,coffee stain studios,235250,4.99,2013
71140,"irrational games,looking glass studios",238210,9.99,1999
71152,"gearbox software,aspyr (mac &amp; linux)",230090,9.99,2013
71154,arkane studios,212893,1.99,2013
71158,most wanted entertainment,232970,9.99,2013
71161,11 bit studios,236730,14.99,2013
71164,wolfire games,234190,4.99,2013
71221,owlchemy labs,220900,4.99,2013
71229,born ready games ltd.,234160,6.99,2013
71233,polytron corporation,224760,9.99,2013
71264,ubisoft montreal,233270,14.99,2013
71316,"gravity, inc.",231060,0.0,2013
71346,the binary mill,209520,4.99,2013
71349,pocketwatch games,113020,14.99,2013
71569,team psykskallar,223710,0.0,2013
71875,treyarch,234772,1.99,2013
71876,treyarch,219092,4.99,2013
71877,dreampainters,217690,9.99,2013
71881,nigoro,230700,14.99,2013
71887,"trek industries, inc",104900,0.99,2013
72435,droqen,230980,5.99,2013
72437,southend,207930,9.99,2013
72438,"skybox labs,hidden path entertainment,ensemble studios",221380,19.99,2013
72517,nadeo,229870,19.99,2013
72519,"irrational games,aspyr (mac),virtual programming (linux)",214933,19.99,2013
72520,halycon media gmbh &amp; co. kg,232950,19.99,2013
72521,colossal order ltd.,225420,19.99,2013
72527,digital extremes,230410,0.0,2013
73519,twisted pixel games,105420,9.99,2013
73521,"irrational games,aspyr (mac),virtual programming (linux)",8870,29.99,2013
73765,going loud studios,230050,2.99,2013
73790,puppygames,219190,9.99,2013
73796,team17 digital ltd,217200,14.99,1999
73801,the men who wear many hats,233740,4.99,2013
73807,rovio entertainment ltd,210550,4.99,2013
73809,scs software,232010,4.99,2008
73823,city interactive,34870,9.99,2013
73836,cyanide studio,215870,0.0,2013
73838,gaijin games,218060,14.99,2013
73868,nadeo,228760,19.99,2011
73874,star gem inc.,212070,0.0,2013
74010,ngd studios,222520,0.0,2013
74030,rebellion,227100,14.99,2013
74043,"crystal dynamics,feral interactive (mac),feral interactive (linux)",203160,19.99,2013
74331,arrowhead game studios,204080,9.99,2013
74339,bohemia interactive,224580,49.99,2013
74411,"ty taylor and mario castañeda,the quantum astrophysicists guild",204240,9.99,2013
74432,stoic,219340,0.0,2013
74436,double fine productions,225260,14.99,2013
74508,sector3 studios,211500,160.91,2013
74592,nihon falcom,223810,14.99,2013
74595,cyanide montreal,202130,19.99,2013
74597,ed key and david kanaga,219680,9.99,2013
74627,sumo digital,212480,19.99,2013
74697,alexander bruce,219890,19.99,2013
74791,haemimont games,208520,14.99,2013
74797,"gearbox software,aspyr (mac &amp; linux)",225833,0.99,2013
74799,eightyeightgames,227580,4.99,2013
74811,"gearbox software,aspyr (mac &amp; linux)",213250,9.99,2013
74813,paradox development studio,210898,1.99,2013
74815,scs software,227300,19.99,2013
74999,beamdog,228280,19.99,2013
75007,eyedentity games inc.,11610,0.0,2012
75083,jagex limited,224540,14.99,2012
75337,tiger style,227200,9.99,2012
75340,crankshaft games,212700,5.99,2012
75343,csr-studios,222980,2.99,2012
75373,kadokawa,220700,69.99,2012
75387,arkane studios,208570,2.99,2012
75389,"gearbox software,aspyr (mac &amp; linux)",208690,4.99,2012
75391,kerberos productions,42990,19.99,2012
75392,"ubisoft montreal, massive entertainment, and ubisoft shanghai",220240,19.99,2012
75628,terry cavanagh,221640,2.99,2012
75930,traveller's tales,214510,19.99,2012
75938,core design,224960,6.99,2012
75944,core design,225300,6.99,2012
75946,tomorrow corporation,221260,9.99,2012
76039,sega,213610,9.99,2012
76046,5th cell media,218680,19.99,2012
76145,"io-interactive a/s,feral interactive (mac)",203140,19.99,2012
76209,daybreak game company,218230,0.0,2012
77205,ubisoft montreal,208480,19.99,2012
77230,"gearbox software,aspyr (mac &amp; linux)",213210,9.99,2012
77232,"haemimont games,feral interactive (mac)",205633,2.99,2012
77234,bithell games,220780,9.99,2012
77258,"xavi canal, ben palgi",221020,14.99,2012
77274,773,214610,7.99,2012
77276,carbon games,206500,0.0,2012
77606,united front games,215256,6.99,2012
77608,"level up labs, llc",218410,14.99,2012
77614,unknown worlds entertainment,4920,9.99,2012
77773,the farm 51,214870,19.99,2012
77776,might and delight,218740,9.99,2012
77784,serious brew,220460,4.99,2012
77786,"tequila works, s.l.",211400,14.99,2012
77840,1c-softclub,203350,9.99,2012
77842,shiver games,218640,9.99,2012
77863,"creative assembly, pc port - hardlight",211160,14.99,2012
77867,exor studios,220820,9.99,2012
77876,ipacs,214130,9.99,2012
77878,overkill software,207816,3.99,2012
77881,power of 2,213650,0.0,2012
77961,torn banner studios,219640,24.99,2012
78365,klei entertainment,214560,14.99,2012
78434,team17 digital ltd,200170,14.99,2012
78443,positech games,218040,19.99,2007
78449,cyanide studio - spiders studios,216910,14.99,2012
78451,wizarbox,209730,14.99,2012
78457,cyanide studios,216890,14.99,2012
78461,exdream gmbh,207730,3.99,2012
78465,qooc software,212041,2.99,2012
78467,sos,220860,4.99,2012
78518,robot entertainment,201805,4.99,2012
78520,arkane studios,205100,9.99,2012
78730,the behemoth,204371,0.99,2012
78740,the behemoth,204372,0.99,2012
78755,the behemoth,204360,14.99,2012
79550,opus,214830,9.99,2012
79568,aspyr,214630,39.99,2012
79571,runic games,200710,19.99,2012
79891,"firaxis games,feral interactive (mac),feral interactive (linux)",200510,29.99,2012
79983,cloud 9 studio,212390,0.0,2012
79987,bluegiant interactive,208460,14.99,2012
79990,subset games,212680,9.99,2012
80401,"gearbox software,aspyr (mac &amp; linux)",218560,29.99,2012
80403,"gearbox software,aspyr (mac &amp; linux)",49520,19.99,2012
81425,codemasters birmingham,208500,19.99,2012
81428,"edmund mcmillen,tyler glaiel",214790,3.99,2012
81431,benjamin rivers inc.,215670,2.99,2012
81439,spaces of play,210170,3.99,2012
81442,ubisoft  shanghaï,214250,14.99,2012
81444,fromsoftware,211420,19.99,2012
81696,kukouri,216110,4.99,2012
81708,spooky squid games inc.,211260,9.99,2012
81716,vlambeer,212800,0.0,2010
81842,"monolith productions, inc.",206210,0.0,2012
82008,blendo games,214700,4.99,2012
82023,dovetail games,208362,19.99,2012
82024,empty clip studios,207750,8.99,2012
82030,daedalic entertainment,214340,9.99,2012
82034,overkill software,207815,9.99,2012
82036,talawa games,211180,9.99,2012
82039,increpare games,207570,4.99,2011
82043,nexon,216150,0.0,2012
82175,ronimo games,204300,0.0,2012
82747,saber interactive,212410,9.99,2012
82748,robot entertainment,201790,14.99,2012
82850,radical entertainment,115320,39.99,2012
82860,qooc software,212030,9.99,2012
82866,hardsuit labs,209870,0.0,2012
83140,amplitude studios,208140,19.99,2012
83149,smudged cat games ltd,211440,4.99,2012
83152,black pants studio,205910,9.99,2012
83160,stainless games,97330,9.99,2012
83164,"firaxis games,aspyr (mac, linux)",16870,29.99,2012
83166,cyanide studios,208730,14.99,2012
83176,yager development,50300,29.99,2012
83328,"ironclad games,stardock entertainment",204880,39.99,2012
83372,"x1 software,awar",91330,14.99,2012
83375,firefly studios,47400,29.99,2012
83385,pivotal games,211780,6.99,2002
83386,"edmund mcmillen, florian himsl",113204,2.99,2012
83406,unigine llc.,200396,0.99,2012
83408,remedy entertainment,202750,9.99,2012
83420,looking glass studios,211740,6.99,2000
83422,looking glass studios,211600,6.99,1998
83434,subatomic studios llc,209690,4.99,2012
83437,gaming minds,205610,14.99,2012
83440,amanita design,207690,9.99,2012
83443,"hassey enterprises, inc.",202730,9.99,2012
83446,illfonic,96800,9.99,2012
83447,cockroach inc.,94300,3.99,2012
83450,sega,203650,9.99,2012
83452,brawsome,58230,9.99,2012
83455,gaijin entertainment corporation,208670,9.99,2012
83463,dark artz entertainment,201070,0.0,2012
83466,jasper byrne,209830,14.99,2012
83476,telltale games,207610,24.99,2012
83610,ino-co plus,203630,24.99,2012
83611,turbo tape games,200050,19.99,2012
83612,almost human games,207170,14.99,2012
83633,"capybara,superbrothers,jim guthrie",204060,7.99,2012
83637,cd projekt red,20920,19.99,2011
83673,shadow planet productions,205730,14.99,2012
83676,uber entertainment,104700,0.0,2012
83881,rebellion,63380,19.99,2012
83938,"taleworlds entertainment,flying squirrel entertainment",48705,9.99,2012
83948,doublesix games,209360,4.99,2012
83950,reloaded productions,113420,0.0,2011
84046,eugen systems,58610,9.99,2012
84052,boss baddie,201570,4.99,2012
84058,firefly studios,47410,0.0,2012
84130,cipher prime studios,205870,6.99,2012
84132,klei entertainment,102840,9.99,2012
84141,relic,55345,2.99,2012
84142,"big huge games,38 studios",102500,19.99,2012
84172,futuremark,18120,9.99,2012
84176,digital extremes,67370,29.99,2012
84195,relic,55475,2.99,2012
84196,ensemble studios,105450,39.99,2009
84250,daybreak game company,201230,0.0,2011
84253,volition,55230,9.99,2011
84401,joshua neurnberger,80310,9.99,2011
84403,avalanche studios,99300,15.0,2011
84405,stunlock studios,6370,0.0,2011
84408,bohemia interactive,65730,19.99,2011
84409,digital arrow,110400,9.99,2011
84411,snowblind studios,32800,19.99,2011
84441,team17 digital ltd,70640,7.99,1995
84442,trendy entertainment,65800,14.99,2011
84598,team17 digital ltd,70620,9.99,2011
84600,overkill software,24240,14.99,2011
84740,kot in action creative artel,96200,14.99,2011
84742,id software,9200,9.99,2011
84756,robot entertainment,102600,9.99,2011
84771,mommy's best games,111600,9.99,2011
84775,treyarch,42719,14.99,2011
84777,"gameconnect,interwave studios",17710,9.99,2011
84789,obsidian entertainment,72840,1.99,2011
84791,team17 digital ltd,70600,14.99,2011
84793,zeroscale,98600,5.99,2011
84808,supergiant games,107100,14.99,2011
85015,ubisoft montpellier,33460,14.99,2011
85025,dns development,27940,9.99,2011
85027,capcom,45797,3.99,2011
85028,streum on studio,91700,9.99,2011
85070,battlegoat studios,73220,9.99,2011
85071,playdead,48000,9.99,2011
85119,bohemia interactive,65780,9.99,2011
85122,zeboyd games,107300,2.99,2011
85124,manic game studios,105300,1.99,2011
85128,zeboyd games,107310,2.99,2011
85136,"gaslamp games, inc.",98800,4.99,2011
85157,headup games / crenetic,46540,4.99,2011
85161,codemasters action studio,44340,9.99,2011
85163,volition,55110,19.99,2011
85168,final form games,94200,9.99,2011
85174,n3v games,24670,19.99,2011
85176,ice-pick lodge,41740,9.99,2011
85185,alientrap,95300,9.99,2011
85187,taleworlds entertainment,48720,9.99,2011
85207,timegate studios,97100,9.99,2011
85210,power of 2,35480,9.99,2011
85225,colibri games,96000,4.99,2011
85231,big fat alien,104200,1.99,2011
85235,dead mage,99400,4.99,2011
85237,dark energy digital ltd.,92000,4.99,2011
85253,state of play games,105100,5.99,2011
85256,re-logic,105600,9.99,2011
87940,splash damage,22350,0.0,2011
87956,sandswept studios,92100,4.99,2011
87962,game distillery s.r.o.,98500,2.99,2011
87964,cobra mobile,104000,4.99,2011
87966,"nicalis, inc.",99700,9.99,2011
87975,zachtronics,92800,9.99,2011
87993,sega,71230,7.99,2011
88001,blendo games,55040,9.99,2011
88009,steel monkeys,91900,9.99,2011
88019,puppygames,93200,9.99,2011
88025,ubisoft montreal,48190,19.99,2011
88043,crytek studios,108800,29.99,2011
88055,bacon wrapped games,91800,4.99,2011
88057,slightly mad studios,47920,19.99,2011
88060,gas powered games,39190,6.99,2002
88062,obsidian entertainment,72730,4.99,2011
88066,colossal order ltd.,73010,19.99,2011
88067,digitalmindsoft,64000,9.99,2011
88077,eggtooth team,65560,4.99,2011
88078,arrowhead game studios,42910,9.99,2011
88234,ronimo games,63500,9.99,2010
88242,"popcap games, inc.",78000,4.99,2010
88246,two tribes,38720,4.99,2010
88258,vanguard games,48950,9.99,2010
88259,criterion games,47870,19.99,2010
88272,ccp,8500,0.0,2003
88332,secret exit ltd.,61600,4.99,2010
88338,"double helix games,rainbow studios,thq nordic",55140,19.99,2010
88346,techland,40380,4.99,2010
88347,bioware,47810,29.99,2010
88360,cyanide studios,58520,9.99,2010
88362,outerlight ltd.,2450,4.99,2010
88367,inner seas,72900,4.99,2010
88370,spellbound studios,39690,19.99,2010
88371,lunar giant,63800,4.99,2010
88375,capcom vancouver,45740,19.99,2010
88393,over the top games,57000,2.99,2010
88395,double helix games,43000,9.99,2010
88396,silver wish games,8970,4.99,2010
88397,wolfire games,25010,9.99,2005
88399,"cinemax, s.r.o.",60800,7.99,2010
88400,kerberos productions inc.,42890,9.99,2008
88401,cyan worlds,63610,5.99,1997
88403,zaratustra productions,33680,4.99,2010
88406,brawsome,58200,9.99,2010
88409,city interactive,34830,7.99,2010
88415,avalanche studios,35091,0.99,2010
88419,valve,300,9.99,2010
88447,headup games / radon labs,46440,4.99,2010
88448,cauldron,39670,4.99,2003
88450,bohemia interactive,33930,19.99,2010
88693,"monolith productions, inc.,timegate",21090,54.99,2005
88700,haemimont games,57600,9.99,2010
88704,petroglyph,32470,19.99,2006
88708,"the creative assembly,feral interactive (mac)",34030,19.99,2010
88729,dice,24960,19.99,2010
88771,gas powered games,40100,12.99,2010
88787,elite games team,46260,4.99,2010
88789,ubisoft romania,48110,9.99,2010
88790,ubisoft montreal,33230,19.99,2010
88856,avalanche studios,8190,14.99,2010
89194,"relic entertainment,feral interactive (mac/linux)",20570,19.99,2010
89200,ea los angeles,47700,19.99,2010
89203,cadenza interactive,45000,9.99,2010
89207,brian cronin,18820,4.99,2010
89219,rebellion,3730,4.99,2000
89224,airtight games,45710,9.99,2010
89226,bioware,24980,19.99,2010
89244,two tribes,38700,4.99,2010
89250,artery games,45100,4.99,2010
89268,rebellion,10680,14.99,2010
89290,"2k marin,2k china,digital extremes,2k australia,feral interactive (mac)",8850,19.99,2010
89305,gsc game world,41700,19.99,2010
89319,"hassey enterprises, inc.",44200,9.99,2010
89321,valve,550,19.99,2009
90024,katauri interactive,3170,9.99,2009
90026,nimbly games,41300,0.0,2009
90044,"noviy disk,lesta studios inc",12480,9.99,2009
90045,gearbox software,8990,9.99,2009
90047,vis interactive,41600,19.99,1999
90049,mindstorm studios,25500,2.99,2009
90052,"arcen games, llc",40400,9.99,2009
90058,black jacket studios,32200,9.99,2009
90062,gearbox software,8980,19.99,2009
90142,codemasters studios,12830,9.99,2009
90147,haemimont games,23490,9.99,2009
90153,"volition,reactor zero,thq nordic",20500,19.99,2009
90167,capcom,21690,19.99,2009
90181,"popcap games, inc.",3620,4.99,2009
90183,lucasarts,32400,5.99,1995
90187,lucasarts,32380,5.99,1997
90189,lucasarts,32390,2.99,1998
90190,"raven software,aspyr (mac)",6030,9.99,2003
90192,"raven software,aspyr (mac)",6020,9.99,2003
90205,1c:inoco,25980,9.99,2009
90209,playbrains,25700,4.99,2009
90211,"dejobaan games, llc",15520,9.99,2009
90217,bioware corporation,38460,9.99,2000
90218,diezelpower,39800,1.99,2010
90232,cyberlore,25990,9.99,2001
90234,"volition, inc.",20530,9.99,2001
90237,frogwares,11130,0.0,2008
90238,frogwares,11140,9.99,2008
90239,paradox development studio,25890,9.99,2009
90250,"rocksteady studios,feral interactive (mac)",35140,19.99,2010
90308,8monkey labs,37700,19.99,2009
90309,rebellion,3700,7.99,2005
90311,invent4 entertainment,34900,0.99,2009
90396,lucasarts,32340,5.99,1990
90397,lucasarts,32350,5.99,2002
90399,lucasarts,6000,9.99,2005
90410,battlegoat studios,25910,9.99,2008
90411,smashball labs llc,17730,0.0,2009
90413,novalogic,32630,4.99,1999
90414,elixir studios,3720,9.99,2004
90417,"the creative assembly,feral interactive (mac),feral interactive (linux)",10604,2.99,2009
90418,ea - maxis,24720,19.99,2009
90424,bohemia interactive,33900,12.99,2009
90439,frozenbyte,35700,14.99,2009
90460,"triumph studios,virtual programming",12810,9.99,2009
90461,2dengine.com,11360,4.99,2008
90462,kloonigames,26900,19.99,2009
90466,best way,7830,4.99,2009
90469,tripwire interactive,1250,19.99,2009
90782,the farm 51,7860,4.99,2009
90784,sigma team inc.,33130,4.99,2007
90787,eidos studio hungary,8170,8.99,2009
90793,replay studios,16720,4.99,2009
90795,"popcap games, inc.",3590,4.99,2009
90801,broken rules,18700,9.99,2009
90807,rebellion,3710,7.99,2005
90809,relic entertainment,20540,19.99,2009
90811,number none,26800,14.99,2009
90829,elecorn,29800,1.99,2009
90889,deep red limited,11590,4.99,2007
90891,ubisoft reflections,21780,9.99,2007
90892,"relic entertainment,feral interactive (mac/linux)",15620,19.99,2009
90906,"the creative assembly,feral interactive (mac),feral interactive (linux)",10500,19.99,2009
90939,technetium games,12430,4.99,2009
90940,square enix,23310,9.99,2009
90942,haemimont games,23450,9.99,2009
90946,frictional games,22120,9.99,2009
90958,paradox development studio,25800,14.99,2007
90960,bethesda game studios,22300,9.99,2008
90986,taleworlds entertainment,22100,9.99,2008
90996,double helix games,19000,39.99,2008
90997,hothead games,18020,7.99,2008
91001,valve,500,19.99,2008
91031,treyarch,10090,19.99,2008
91071,kudosoft,13600,9.99,2003
91077,ea black box,17430,9.99,2008
91079,frogames,11280,5.99,2008
91091,telltale games,8340,19.99,2008
91092,bioware,17460,19.99,2008
91118,maxis™,17440,19.99,2008
91120,maxis™,17390,19.99,2008
91153,insurgency development team,17700,0.0,2007
91157,exor studios,17530,0.0,2008
91159,zombie panic team,17500,0.0,2007
91255,crackpot entertainment,16710,1.99,2008
91259,deck13,12340,9.99,2008
91260,red storm entertainment,15300,9.99,2001
91261,empires,17740,0.0,2008
91267,ubisoft montreal,15100,19.99,2008
91273,ubisoft montreal,15120,9.99,2008
91277,nadeo,7200,29.99,2008
91280,valve,400,9.99,2007
91377,last day of work,16120,9.99,2007
91379,red storm entertainment,15000,9.99,2006
91380,nival,15170,9.99,2006
91381,ubisoft,15130,9.99,2003
91385,hothead games,18000,7.99,2008
91387,"cinemax, s.r.o.",11230,2.99,2008
91396,redlynx,16600,9.99,2008
91399,ascaron entertainment ltd.,12330,9.99,2006
91400,kaos studios,9460,19.99,2008
91401,relic entertainment,9450,12.99,2008
91411,simbin,8600,3.99,2007
91416,"popcap games, inc.",3483,0.0,2007
91425,"mithis games,thq nordic",6420,9.99,2004
91428,firaxis games,8800,9.99,2007
91430,relic entertainment,4560,19.99,2006
91476,cryptic sea,9500,9.99,2004
91477,id software,9050,4.99,2004
91480,id software,2200,14.99,1999
91482,id software,9070,2.99,2005
91483,id software,9180,4.99,1990
91487,valve,440,0.0,2007
98289,valve,420,7.99,2007
98308,black element,2590,4.99,2007
98310,"the creative assembly,feral interactive (mac),feral interactive (linux)",4780,11.99,2007
98313,"infinity ward,aspyr (mac)",7940,19.99,2007
98328,io interactive,8080,6.99,2007
98331,telltale games,8230,19.99,2007
98333,bizarre creations,8400,3.99,2007
98337,avalanche studios,6880,6.99,2006
98343,io-interactive a/s,6900,6.99,2000
98345,io-interactive a/s,6850,6.99,2002
98348,eidos interactive,6870,6.99,2007
98349,pyro studios,6800,4.99,1998
98351,io-interactive a/s,6860,8.99,2006
98364,troika games,2600,19.99,2004
98370,gsc game world,4500,19.99,2007
98384,ion storm,6980,8.99,2004
98385,ion storm,6910,6.99,2000
98402,"popcap games, inc.",3480,4.99,2007
98406,infinity ward,2620,19.99,2003
98409,double fine productions,3830,9.99,2005
98421,"infinity ward,aspyr (mac)",2630,19.99,2005
98422,gray matter studios,2640,19.99,2004
98424,malfador machinations,1690,14.99,2006
98426,firaxis games,3910,4.99,2001
98430,firaxis games,3900,19.99,2005
98435,"the creative assembly,feral interactive (mac),feral interactive (linux)",4700,19.99,2006
98453,valve,240,19.99,2004
98678,valve,280,9.99,2004
98685,valve,320,4.99,2004
98696,valve,220,9.99,2004
98885,firaxis games,3920,9.99,2005
98889,gas powered games,39200,6.99,2005
98890,tripwire interactive,1200,9.99,2006
98892,reality pump studios,1900,4.99,2006
98893,valve,360,9.99,2006
98895,frozenbyte,2500,6.99,2006
98896,valve,380,7.99,2006
98911,egosoft,2810,9.99,2005
98912,strategy first,1670,4.99,2006
98913,introversion software,1510,9.99,2006
98927,"popcap games, inc.",3450,4.99,2006
98928,"popcap games, inc.",3390,4.99,2006
98931,"popcap games, inc.",3320,4.99,2006
98936,valve,20,4.99,1999
98951,gearbox software,50,4.99,1999
98955,valve,60,4.99,2000
98964,valve,10,9.99,2000
99014,valve,40,4.99,2001
99015,gearbox software,130,4.99,2001
99018,valve,30,4.99,2003
99022,"epic games, inc.",13230,14.99,2004
99027,valve,80,9.99,2004
